location,property_type,bedrooms,bathrooms,house_size,floor,total_floors,furnished,parking,balcony,age,monthly_rent
Town Hall,Studio,1,1,501,3,5,No,No,Yes,0,15000
Shehora,Apartment,2,3,1269,5,8,No,Yes,Yes,5,28500
Charpara,Apartment,3,2,988,3,7,No,No,Yes,3,23500
Kachijhuli,Studio,1,1,287,4,5,No,Yes,Yes,4,13500
Kachijhuli,Duplex,4,4,2729,6,7,Yes,No,Yes,3,86500
Town Hall,Duplex,5,5,2037,5,14,No,Yes,Yes,10,58500
Town Hall,Apartment,3,2,860,8,9,Yes,No,No,7,29000
Panditpara,House,3,2,1527,6,6,No,No,Yes,6,29000
Maskanda,Apartment,3,2,1308,1,7,No,Yes,Yes,3,25000
Charpara,Duplex,5,5,3453,7,8,No,Yes,Yes,0,85500
Town Hall,Apartment,4,3,1474,2,7,Yes,Yes,No,14,47500
Charpara,Apartment,3,2,938,3,6,No,No,Yes,7,24000
Town Hall,Studio,1,1,296,1,4,No,No,Yes,0,9000
Town Hall,Apartment,3,2,1301,4,4,Yes,No,Yes,2,47000
Shehora,Apartment,3,2,935,4,4,No,Yes,Yes,7,24000
Sankipara,Apartment,3,2,1328,2,5,No,No,Yes,10,22000
Notun Bazar,Apartment,3,3,1102,3,6,No,No,Yes,11,24500
Ganginar Par,Duplex,5,5,2661,9,12,Yes,Yes,Yes,4,89500
Panditpara,Apartment,3,3,1420,7,8,No,Yes,Yes,4,29000
Notun Bazar,Apartment,3,2,1361,5,6,No,Yes,No,4,28500
Charpara,House,5,4,1225,1,6,No,Yes,No,4,36000
Notun Bazar,Studio,1,1,432,3,6,Yes,No,Yes,16,15000
Panditpara,Apartment,3,2,1269,1,10,No,Yes,Yes,7,24500
Notun Bazar,Apartment,2,1,734,4,4,No,No,Yes,7,16000
Sankipara,Duplex,4,4,1938,1,4,Yes,No,Yes,10,47500
Maskanda,Apartment,2,1,602,7,14,Yes,Yes,Yes,4,23000
Notun Bazar,Apartment,2,1,592,2,6,Yes,No,Yes,10,20500
Panditpara,Apartment,2,2,1099,5,8,No,Yes,Yes,6,24000
Ganginar Par,House,3,3,1630,3,4,Yes,No,Yes,7,48000
Ganginar Par,Apartment,1,1,500,2,6,No,No,Yes,1,11500
Kachijhuli,Studio,1,1,650,8,8,No,Yes,No,5,18000
Akua,Apartment,3,3,1675,1,6,No,Yes,No,1,28000
Charpara,Apartment,3,2,1233,6,8,No,Yes,Yes,0,34000
Panditpara,Apartment,3,2,1308,3,9,No,Yes,Yes,2,30500
Sankipara,Apartment,4,3,1665,1,7,No,No,No,2,29500
Kachijhuli,Duplex,6,7,2291,7,7,Yes,Yes,Yes,5,79000
Notun Bazar,Apartment,4,3,1744,6,10,Yes,No,Yes,0,54000
Choto Bazar,Apartment,4,4,1546,3,6,No,Yes,Yes,3,34500
Maskanda,Apartment,3,2,1109,1,5,No,No,Yes,1,21000
Ganginar Par,Apartment,3,3,1217,7,7,No,Yes,No,29,23000
Kachijhuli,Apartment,3,2,1207,6,8,No,No,Yes,14,29000
Akua,Apartment,3,2,937,4,6,No,Yes,Yes,21,19500
Kewatkhali,Apartment,2,1,626,3,5,No,No,Yes,7,12500
Shehora,Apartment,4,3,1553,6,6,No,Yes,Yes,0,36000
Kachijhuli,Apartment,3,3,1302,2,8,No,Yes,Yes,3,40500
Charpara,Studio,1,1,340,4,8,No,Yes,No,4,13000
Ganginar Par,House,5,5,1927,7,7,Yes,No,Yes,5,56500
Panditpara,Apartment,3,3,1517,6,6,No,No,No,2,26500
Notun Bazar,Apartment,3,3,1141,2,4,No,Yes,Yes,6,31000
Charpara,Apartment,3,3,869,2,8,No,Yes,Yes,10,27500
Town Hall,Apartment,3,2,1215,2,5,No,Yes,No,9,29000
Shehora,Apartment,3,3,1166,2,5,No,Yes,Yes,7,27500
Kachijhuli,Apartment,3,3,1320,6,10,No,Yes,Yes,1,36000
Town Hall,Apartment,3,2,881,4,7,No,No,No,3,21500
Shehora,House,4,4,2329,2,10,Yes,Yes,Yes,2,73500
Akua,Apartment,3,3,1014,8,9,No,Yes,Yes,4,22000
Ganginar Par,Studio,1,1,430,6,10,No,No,No,7,9500
Choto Bazar,Apartment,2,1,676,4,14,No,No,Yes,1,16500
Kachijhuli,Apartment,2,2,1391,2,4,No,Yes,Yes,4,32500
Charpara,Apartment,4,3,1916,2,8,Yes,No,No,16,53000
Charpara,Apartment,3,2,1346,3,5,Yes,No,Yes,6,47000
Notun Bazar,Apartment,3,2,1118,6,7,No,Yes,Yes,5,29000
Town Hall,Apartment,2,2,975,3,6,No,Yes,Yes,9,25500
Shehora,Apartment,2,2,1254,6,8,Yes,No,Yes,4,36000
Sankipara,Apartment,2,1,526,5,7,No,No,Yes,8,12500
Kachijhuli,Apartment,3,4,1711,6,6,No,Yes,No,17,41000
Charpara,Apartment,3,4,1933,4,7,No,Yes,No,6,47000
Sankipara,Apartment,2,3,1011,3,6,No,Yes,Yes,0,24500
Town Hall,House,5,5,1898,1,8,No,Yes,Yes,14,39000
Charpara,Apartment,3,3,1511,1,7,No,Yes,Yes,3,35500
Kachijhuli,Studio,1,1,650,3,8,No,No,Yes,3,17500
Shehora,Apartment,2,3,1290,1,7,No,Yes,Yes,1,29000
Charpara,Duplex,4,5,2340,4,6,No,No,Yes,3,64000
Notun Bazar,Apartment,3,2,1207,8,10,Yes,Yes,Yes,7,35500
Choto Bazar,House,3,3,2176,3,4,No,No,No,0,37500
Maskanda,Apartment,3,2,1358,4,6,No,Yes,Yes,8,28000
Town Hall,Duplex,5,6,2257,1,7,No,Yes,Yes,8,57500
Panditpara,Apartment,3,2,1385,5,8,Yes,No,No,0,36500
Notun Bazar,Apartment,4,3,1801,1,5,No,No,Yes,1,37000
Shehora,Apartment,3,4,1555,6,6,No,Yes,Yes,5,35500
Charpara,Apartment,3,2,923,7,7,No,Yes,Yes,3,24500
Charpara,Apartment,3,3,1285,2,8,Yes,Yes,Yes,7,45000
Ganginar Par,Apartment,2,1,732,6,8,Yes,Yes,Yes,2,28000
Sankipara,Studio,1,1,503,4,4,No,No,No,9,10500
Shehora,Apartment,3,2,1063,10,12,No,No,No,4,22000
Ganginar Par,Apartment,2,2,1307,4,9,No,Yes,Yes,10,28500
Kachijhuli,Apartment,2,2,1069,4,8,No,No,Yes,4,26000
Shehora,House,5,5,900,11,16,No,No,Yes,16,25000
Sankipara,Studio,1,1,547,1,7,No,No,No,3,10000
Kachijhuli,Apartment,3,3,1721,2,10,Yes,Yes,Yes,0,61000
Kewatkhali,Apartment,3,4,1665,2,4,No,No,Yes,5,28000
Maskanda,Studio,1,1,442,6,9,No,No,No,1,9000
Charpara,Apartment,3,2,1366,3,10,No,Yes,No,1,34500
Notun Bazar,Apartment,4,3,1870,9,10,No,Yes,No,3,39000
Kachijhuli,Duplex,6,7,2372,4,6,No,Yes,Yes,7,70000
Ganginar Par,Apartment,3,4,1408,5,7,No,Yes,Yes,6,33500
Notun Bazar,Duplex,6,6,2462,1,5,No,Yes,Yes,15,58500
Kachijhuli,Apartment,3,2,1258,4,4,No,No,No,1,31000
Sankipara,House,3,3,1521,7,8,No,Yes,No,10,30500
Charpara,Apartment,3,2,1186,6,9,No,No,Yes,0,30000
Town Hall,Apartment,3,2,1239,4,10,No,Yes,Yes,2,31500
Kachijhuli,House,3,3,1997,4,7,No,Yes,Yes,1,51500
Sankipara,Apartment,3,4,1536,5,6,No,No,Yes,20,29500
Sankipara,Apartment,3,3,865,8,10,No,No,Yes,3,19000
Akua,Apartment,3,3,1302,8,8,No,No,Yes,20,21000
Charpara,Apartment,2,1,772,5,5,No,No,Yes,2,20500
Ganginar Par,Apartment,3,2,1148,1,8,No,No,Yes,7,23000
Sankipara,Apartment,2,2,1248,2,6,No,Yes,Yes,0,26000
Town Hall,Apartment,2,2,1146,2,9,Yes,No,Yes,18,32000
Charpara,Duplex,5,5,3080,8,12,No,No,Yes,2,83500
Sankipara,Apartment,3,2,1234,2,7,No,No,Yes,5,26000
Shehora,Apartment,2,1,732,5,10,No,No,Yes,4,16500
Panditpara,Apartment,3,2,861,4,6,Yes,No,Yes,3,29500
Choto Bazar,Apartment,3,3,1462,2,7,No,Yes,Yes,12,31000
Maskanda,Apartment,3,2,1395,7,8,Yes,No,Yes,3,34000
Shehora,Apartment,3,2,1269,1,4,No,Yes,Yes,2,24000
Shehora,Apartment,2,2,1312,8,9,No,Yes,Yes,1,28000
Maskanda,Apartment,3,2,1022,4,7,No,Yes,Yes,1,22000
Kachijhuli,House,4,3,1487,4,10,No,Yes,Yes,4,47500
Akua,Apartment,3,2,1160,2,4,No,Yes,Yes,6,23500
Kachijhuli,Apartment,2,2,1220,7,7,Yes,Yes,Yes,7,40500
Charpara,Apartment,3,2,1012,2,9,Yes,No,Yes,11,37500
Sankipara,Apartment,3,2,1385,2,6,No,Yes,Yes,22,26500
Ganginar Par,Duplex,5,6,2536,6,6,No,Yes,Yes,13,66000
Maskanda,Apartment,2,2,1104,2,8,No,No,Yes,2,22000
Ganginar Par,Apartment,2,2,812,6,8,No,No,Yes,18,17000
Choto Bazar,Duplex,4,4,2435,6,6,No,No,Yes,4,46000
Choto Bazar,Apartment,3,2,1238,5,5,No,Yes,Yes,6,27500
Akua,Apartment,3,2,951,7,9,No,Yes,No,4,21000
Panditpara,Apartment,2,1,722,1,9,No,No,Yes,0,15000
Kachijhuli,Apartment,4,3,1963,2,6,No,Yes,Yes,1,52500
Sankipara,Apartment,3,2,1111,2,7,Yes,Yes,Yes,12,36500
Ganginar Par,Apartment,2,2,1035,5,6,No,Yes,Yes,26,21000
Charpara,Apartment,2,1,769,12,16,No,No,Yes,2,17500
Maskanda,House,4,4,1883,4,6,No,No,Yes,6,34000
Kachijhuli,Apartment,3,2,1389,2,5,No,No,Yes,4,31500
Panditpara,Apartment,3,2,1228,2,5,Yes,Yes,Yes,8,36500
Town Hall,Apartment,2,3,1039,1,7,No,Yes,No,1,24000
Sankipara,Duplex,4,4,2462,2,5,No,Yes,Yes,2,61500
Charpara,Apartment,3,3,1034,6,9,No,Yes,Yes,4,32000
Town Hall,Apartment,3,4,1642,1,5,No,Yes,Yes,1,41000
Charpara,Studio,1,1,506,1,7,No,No,No,5,12000
Sankipara,Apartment,1,1,500,2,4,No,Yes,Yes,0,14000
Sankipara,Apartment,3,2,1397,3,4,No,No,No,0,27000
Kachijhuli,House,5,5,1358,3,16,Yes,Yes,Yes,9,53500
Charpara,Apartment,4,3,1481,5,5,No,Yes,Yes,3,44000
Charpara,Duplex,4,4,1853,5,9,No,No,Yes,1,51000
Charpara,Apartment,3,2,1316,2,6,Yes,No,Yes,9,45000
Akua,Apartment,3,3,1235,4,7,No,Yes,Yes,6,25500
Sankipara,Apartment,3,2,1107,1,8,No,Yes,Yes,1,26000
Choto Bazar,Apartment,3,2,1173,7,8,No,Yes,No,12,24500
Kachijhuli,Studio,1,1,401,1,8,Yes,Yes,Yes,0,19500
Akua,House,3,2,1128,3,5,No,Yes,Yes,10,23000
Kachijhuli,Apartment,3,3,1208,2,14,Yes,Yes,Yes,1,44500
Kachijhuli,Studio,1,1,526,3,5,No,No,Yes,5,14500
Sankipara,House,3,2,1301,3,6,No,Yes,Yes,1,31000
Charpara,Duplex,4,5,2381,6,8,No,No,Yes,15,64000
Charpara,House,4,3,2024,3,5,No,Yes,Yes,7,51000
Kachijhuli,Apartment,3,2,841,3,8,No,No,Yes,7,23000
Maskanda,Apartment,3,2,1013,1,8,No,Yes,Yes,12,21500
Shehora,Apartment,4,3,1427,4,7,Yes,No,Yes,0,46000
Sankipara,Apartment,3,2,1163,5,10,Yes,Yes,Yes,6,38000
Sankipara,Apartment,2,2,1318,4,5,No,Yes,Yes,5,26500
Ganginar Par,Apartment,3,2,1237,2,8,No,Yes,Yes,2,30500
Shehora,Apartment,4,3,1520,5,7,Yes,Yes,Yes,3,50500
Kachijhuli,Apartment,4,4,1654,4,6,No,Yes,Yes,6,46500
Kewatkhali,House,5,5,1706,6,7,No,Yes,Yes,2,36000
Akua,Apartment,4,3,1509,5,7,No,No,Yes,0,29500
Maskanda,Duplex,6,6,2290,4,4,Yes,Yes,Yes,1,69500
Charpara,Duplex,5,5,2063,9,9,No,Yes,Yes,0,55500
Maskanda,Apartment,2,1,500,4,4,No,Yes,No,12,13500
Town Hall,House,3,2,1789,5,8,No,Yes,Yes,21,40500
Shehora,Apartment,3,2,979,2,5,No,No,Yes,9,20500
Notun Bazar,Apartment,3,2,1365,2,5,No,Yes,Yes,6,31000
Notun Bazar,Apartment,3,3,1619,5,5,Yes,Yes,Yes,8,49000
Notun Bazar,Apartment,3,3,1091,1,4,Yes,Yes,Yes,1,37500
Town Hall,House,3,3,1318,4,5,No,Yes,Yes,9,31000
Notun Bazar,Apartment,3,2,1065,4,8,Yes,No,Yes,2,37000
Maskanda,Apartment,3,3,1963,5,9,No,No,Yes,0,35500
Maskanda,House,3,2,1782,4,8,No,No,Yes,6,31500
Charpara,Apartment,3,3,1049,6,6,No,No,Yes,2,29500
Ganginar Par,House,3,2,900,5,5,Yes,Yes,Yes,7,33500
Ganginar Par,Duplex,5,5,2086,1,7,No,Yes,Yes,23,46000
Shehora,Apartment,3,2,846,1,10,No,No,Yes,6,19500
Panditpara,Apartment,2,2,899,12,12,Yes,No,Yes,0,25500
Maskanda,Apartment,3,2,1086,3,5,No,Yes,Yes,3,23500
Kachijhuli,House,5,5,1522,9,9,No,No,No,5,40500
Notun Bazar,Apartment,3,3,1859,1,4,Yes,Yes,Yes,3,53000
Town Hall,Apartment,3,2,883,9,10,No,No,No,27,17000
Shehora,Apartment,3,2,1048,5,7,Yes,No,Yes,5,34000
Kachijhuli,Apartment,3,3,1279,7,7,Yes,No,Yes,3,43000
Charpara,Apartment,3,2,1095,7,8,No,Yes,Yes,2,30000
Ganginar Par,Apartment,3,2,1236,1,4,Yes,Yes,Yes,5,39500
Maskanda,Apartment,2,1,500,5,7,No,No,Yes,4,11000
Choto Bazar,Apartment,2,2,1289,2,5,No,No,Yes,3,24000
Kachijhuli,Apartment,3,3,1104,3,8,No,No,Yes,1,29000
Town Hall,House,3,3,1720,4,8,No,Yes,Yes,6,44500
Kachijhuli,Apartment,3,2,1243,2,7,Yes,Yes,Yes,4,44000
Maskanda,Apartment,3,3,1540,10,10,No,Yes,Yes,0,29000
Charpara,Apartment,3,4,1599,9,9,No,Yes,No,3,40000
Notun Bazar,Apartment,3,3,1247,6,9,No,Yes,Yes,0,30500
Notun Bazar,Duplex,4,4,1836,1,7,No,Yes,Yes,5,44000
Town Hall,Apartment,3,3,1509,1,5,No,Yes,Yes,0,38000
Shehora,Apartment,3,2,1031,2,8,No,Yes,Yes,4,25500
Kachijhuli,Apartment,2,2,1208,11,12,Yes,Yes,Yes,8,41500
Ganginar Par,Apartment,3,2,1171,13,16,No,Yes,Yes,0,30500
Kewatkhali,House,4,4,1593,3,9,No,Yes,Yes,1,35500
Kachijhuli,Apartment,2,1,606,2,6,No,No,Yes,30,14500
Maskanda,Apartment,3,3,1788,4,7,No,Yes,Yes,5,36500
Shehora,Apartment,3,2,1036,1,8,No,No,Yes,0,21500
Ganginar Par,Studio,1,1,540,6,6,No,No,No,3,12500
Shehora,Duplex,6,6,2945,4,6,No,Yes,Yes,30,55500
Kachijhuli,Apartment,1,1,784,5,6,No,No,Yes,15,18000
Kachijhuli,Apartment,4,3,1537,2,6,No,No,Yes,4,41500
Sankipara,Studio,1,1,440,1,4,No,No,No,6,8500
Sankipara,House,3,3,1331,6,6,No,Yes,Yes,5,31500
Notun Bazar,Apartment,2,3,1317,2,7,Yes,Yes,Yes,2,44500
Charpara,Apartment,3,3,1448,5,8,Yes,Yes,Yes,3,51000
Sankipara,Apartment,3,4,1403,2,8,Yes,No,Yes,10,40500
Sankipara,Apartment,3,2,853,2,6,No,No,Yes,1,20000
Ganginar Par,Apartment,3,2,1368,1,7,No,No,No,0,27000
Akua,House,5,5,1664,3,12,No,Yes,No,19,31500
Kachijhuli,Apartment,2,1,500,3,4,No,No,Yes,1,15000
Charpara,Apartment,2,2,1319,1,16,No,No,Yes,4,28500
Ganginar Par,Apartment,3,2,1034,5,6,No,No,Yes,2,23500
Maskanda,House,4,4,2002,4,12,No,Yes,Yes,6,42000
Town Hall,Apartment,2,2,1257,2,5,No,Yes,Yes,6,30500
Charpara,Duplex,6,6,2601,6,8,No,Yes,Yes,0,80000
Ganginar Par,Studio,1,1,611,1,9,No,No,Yes,0,14000
Kachijhuli,House,3,3,1516,7,9,No,Yes,Yes,0,42500
Town Hall,Apartment,3,3,1401,1,4,No,No,Yes,3,32000
Kachijhuli,Apartment,2,2,1245,8,8,Yes,Yes,Yes,1,42000
Charpara,Apartment,3,3,1584,7,8,Yes,No,Yes,9,49500
Akua,Apartment,2,2,1290,4,12,No,Yes,Yes,0,28500
Akua,Apartment,3,2,1201,2,9,No,Yes,Yes,3,24000
Notun Bazar,Duplex,5,5,2781,2,16,No,Yes,Yes,19,59000
Charpara,Studio,1,1,453,3,6,Yes,Yes,Yes,0,23000
Kachijhuli,House,4,4,1312,8,14,Yes,Yes,No,7,51500
Charpara,Apartment,3,3,913,2,4,No,No,Yes,4,26000
Sankipara,Apartment,3,3,1053,5,5,No,No,Yes,0,24500
Town Hall,Apartment,2,1,796,11,14,No,No,No,29,13500
Town Hall,Apartment,4,4,1537,3,4,Yes,Yes,No,0,53500
Charpara,Duplex,5,5,1800,3,9,Yes,Yes,Yes,14,71000
Choto Bazar,Apartment,3,2,1398,3,6,No,Yes,Yes,6,30000
Town Hall,Apartment,2,3,1167,5,8,No,No,Yes,0,30000
Maskanda,Apartment,2,2,1028,1,4,Yes,Yes,Yes,7,26500
Charpara,Apartment,3,2,1191,3,6,No,No,Yes,11,28000
Ganginar Par,Apartment,4,3,1558,6,12,No,Yes,Yes,8,36000
Notun Bazar,Apartment,3,2,813,1,7,No,Yes,Yes,1,20000
Shehora,Apartment,3,3,1491,1,6,No,Yes,Yes,1,32500
Kachijhuli,House,3,3,1453,4,5,No,No,Yes,7,38500
Panditpara,Apartment,3,2,1198,2,8,Yes,No,Yes,0,37500
Sankipara,Apartment,3,2,1216,5,6,No,No,Yes,1,29000
Sankipara,Apartment,3,2,901,6,6,No,No,Yes,1,20500
Shehora,Apartment,2,2,1220,1,8,No,No,Yes,5,21000
Charpara,Apartment,3,2,1126,1,6,No,No,Yes,6,25000
Charpara,Apartment,2,2,1075,10,16,No,No,Yes,0,26500
Notun Bazar,Studio,1,1,342,1,5,No,No,No,1,8000
Ganginar Par,Apartment,4,3,1484,2,4,Yes,Yes,Yes,7,46000
Ganginar Par,Apartment,4,3,1813,6,7,No,Yes,Yes,5,44500
Maskanda,Studio,1,1,432,1,8,Yes,No,No,2,14000
Akua,Apartment,4,3,1427,3,7,No,Yes,Yes,8,32500
Maskanda,Apartment,3,2,1068,1,8,No,No,Yes,1,18500
Shehora,House,3,3,1574,2,6,No,No,No,6,30500
Kachijhuli,Studio,1,1,482,8,12,Yes,No,No,8,18000
Panditpara,Apartment,3,2,1144,4,6,No,No,Yes,0,23500
Sankipara,Apartment,3,2,1299,4,5,No,Yes,Yes,9,29000
Shehora,Apartment,2,1,700,1,5,No,No,Yes,6,15000
Charpara,Apartment,3,3,1362,5,5,Yes,No,Yes,3,43500
Notun Bazar,Apartment,3,3,1118,5,9,No,Yes,Yes,4,29500
Akua,Duplex,5,5,2308,5,5,No,No,Yes,11,42500
Sankipara,Apartment,3,2,869,5,5,Yes,Yes,Yes,7,31500
Panditpara,Apartment,3,2,1115,4,7,No,Yes,Yes,1,27500
Charpara,Apartment,3,2,1334,3,10,No,No,Yes,1,35500
Notun Bazar,Apartment,3,2,1298,5,5,No,No,Yes,4,29000
Kachijhuli,House,5,4,1982,3,10,No,No,Yes,7,53000
Charpara,Apartment,3,3,1284,3,7,No,Yes,Yes,4,38500
Choto Bazar,Apartment,3,2,1102,2,6,Yes,No,Yes,2,33000
Notun Bazar,Studio,1,1,465,5,6,No,Yes,Yes,17,13000
Kachijhuli,Apartment,3,3,1245,3,6,No,No,Yes,0,33000
Charpara,Apartment,3,3,1139,4,4,No,Yes,Yes,4,33000
Town Hall,Apartment,3,3,1400,2,6,No,No,Yes,5,31500
Shehora,Duplex,4,4,3145,6,8,No,Yes,Yes,1,72000
Shehora,Duplex,5,5,2559,2,7,No,No,Yes,6,57500
Sankipara,Apartment,3,2,872,4,6,No,No,Yes,6,20500
Choto Bazar,Apartment,3,3,1384,4,9,No,Yes,Yes,0,32000
Charpara,Apartment,3,2,1100,6,6,No,Yes,Yes,13,30000
Kewatkhali,House,4,4,1435,11,16,No,No,Yes,6,29000
Kachijhuli,Apartment,2,1,672,5,10,No,No,No,2,17500
Shehora,Apartment,3,4,1600,5,7,No,Yes,Yes,5,37000
Kewatkhali,House,3,3,2219,2,12,No,Yes,Yes,1,39500
Kewatkhali,Studio,1,1,539,3,7,No,No,No,2,10000
Maskanda,Apartment,2,2,1260,2,4,Yes,No,No,5,33500
Charpara,Apartment,4,3,1796,7,9,Yes,Yes,Yes,3,58000
Panditpara,Duplex,6,6,2575,2,9,No,Yes,Yes,5,60500
Town Hall,Apartment,2,2,1177,7,10,No,No,No,6,24000
Town Hall,House,4,4,1388,5,12,Yes,Yes,Yes,0,51500
Kewatkhali,House,3,3,1527,6,7,No,Yes,Yes,3,30000
Notun Bazar,Studio,1,1,493,2,4,No,No,Yes,6,11000
Kachijhuli,Apartment,3,3,1086,2,4,No,No,Yes,5,29500
Charpara,Apartment,3,2,988,1,10,No,No,Yes,10,24000
Kachijhuli,Apartment,3,3,1721,7,10,No,No,Yes,13,37000
Town Hall,Apartment,3,3,1710,3,6,No,Yes,Yes,7,40500
Ganginar Par,Apartment,3,2,1212,4,6,No,Yes,No,6,31000
Charpara,Apartment,2,2,1023,5,6,No,Yes,Yes,2,27500
Sankipara,Apartment,3,3,1571,3,4,Yes,No,No,1,42000
Charpara,Apartment,3,3,1288,7,7,Yes,Yes,Yes,1,45500
Akua,Studio,1,1,506,5,7,No,No,No,1,10000
Ganginar Par,Apartment,3,2,1042,1,5,No,No,Yes,14,23000
Notun Bazar,Apartment,2,1,574,2,4,Yes,No,Yes,3,23000
Sankipara,Duplex,4,4,2752,7,7,No,Yes,Yes,6,58000
Notun Bazar,Duplex,4,5,2144,1,7,No,Yes,Yes,2,49500
Town Hall,Apartment,3,2,1235,6,6,No,No,Yes,8,28000
Charpara,Apartment,4,4,1497,3,6,No,Yes,Yes,28,37000
Notun Bazar,Studio,1,1,443,4,5,No,No,Yes,3,11500
Maskanda,Apartment,2,2,1279,3,5,Yes,Yes,Yes,1,39500
Shehora,Apartment,4,4,1479,1,8,No,No,Yes,16,27000
Shehora,Duplex,5,5,2233,2,8,No,Yes,Yes,3,55500
Charpara,Apartment,3,4,1473,12,12,No,Yes,Yes,7,36500
Ganginar Par,Apartment,3,3,1444,2,4,Yes,Yes,Yes,5,46000
Panditpara,Apartment,2,2,1327,5,6,Yes,Yes,Yes,9,42000
Kachijhuli,House,3,3,1398,5,5,No,Yes,Yes,5,38500
Town Hall,House,3,3,1567,2,6,Yes,No,No,2,53500
Maskanda,Apartment,3,3,1109,3,6,Yes,No,Yes,0,34000
Ganginar Par,Apartment,2,2,1147,1,6,No,Yes,Yes,3,26500
Kachijhuli,Apartment,2,2,1253,4,6,No,No,Yes,2,31000
Charpara,Apartment,3,2,879,4,6,No,Yes,Yes,14,23000
Charpara,Apartment,3,3,1755,5,6,No,Yes,No,3,43500
Town Hall,Apartment,3,2,1049,2,6,No,Yes,Yes,10,27500
Notun Bazar,House,5,5,911,1,7,No,No,No,2,24000
Kachijhuli,Apartment,3,2,1171,6,9,Yes,Yes,Yes,5,44000
Ganginar Par,House,3,3,900,5,10,No,No,Yes,3,23000
Charpara,Apartment,4,3,1648,1,5,Yes,Yes,Yes,2,52500
Kachijhuli,Apartment,2,2,876,11,12,Yes,No,Yes,2,29500
Kachijhuli,Apartment,3,2,1173,3,7,No,Yes,No,8,31000
Charpara,Apartment,2,2,851,2,4,Yes,No,Yes,2,30500
Maskanda,Apartment,3,3,1403,4,6,No,Yes,Yes,1,29500
Charpara,Apartment,3,2,1229,2,5,Yes,Yes,Yes,2,47000
Panditpara,Apartment,3,3,804,3,5,No,No,Yes,9,20000
Charpara,Apartment,2,2,1340,1,4,Yes,No,No,22,37000
Sankipara,Apartment,3,3,1515,2,6,No,No,Yes,4,30500
Shehora,Apartment,1,1,698,7,8,No,Yes,Yes,13,15000
Kewatkhali,Apartment,2,3,1399,2,5,No,No,Yes,2,23500
Shehora,Apartment,3,3,1686,8,9,No,No,Yes,6,33000
Charpara,Apartment,3,2,1091,1,5,No,Yes,No,3,27000
Kachijhuli,Apartment,3,2,878,6,8,No,No,Yes,5,26500
Charpara,Apartment,4,3,1415,6,10,Yes,No,Yes,2,44000
Notun Bazar,Apartment,3,2,1233,5,6,No,Yes,No,6,28500
Shehora,Apartment,3,3,1549,1,4,No,Yes,Yes,2,30000
Maskanda,Apartment,3,2,896,6,7,Yes,No,Yes,11,25500
Akua,Apartment,3,2,941,1,6,No,No,Yes,0,18500
Kachijhuli,House,3,3,1577,7,7,No,Yes,No,3,40000
Shehora,Apartment,3,2,962,5,8,No,No,Yes,3,21500
Kewatkhali,Apartment,4,3,1403,3,9,Yes,Yes,Yes,4,44500
Town Hall,Apartment,4,4,1476,7,7,Yes,No,No,10,41500
Kachijhuli,Apartment,3,2,872,4,9,No,No,No,6,23500
Ganginar Par,Apartment,3,3,1350,1,6,No,No,Yes,2,31500
Akua,Apartment,3,2,1260,2,9,No,No,Yes,2,24500
Kachijhuli,Apartment,3,3,824,5,6,No,No,Yes,25,20500
Kachijhuli,Apartment,3,2,956,1,8,No,Yes,Yes,3,30000
Shehora,Apartment,1,1,695,1,5,No,No,Yes,1,12500
Kachijhuli,Apartment,3,2,943,4,5,No,Yes,Yes,0,28000
Ganginar Par,Apartment,3,2,1351,6,8,No,Yes,Yes,1,36500
Shehora,Apartment,4,3,1662,14,16,No,Yes,Yes,9,32000
Akua,Apartment,2,2,1023,6,6,Yes,Yes,Yes,3,33000
Sankipara,Duplex,5,5,2229,2,6,No,Yes,Yes,10,51500
Shehora,House,5,5,1067,1,5,No,Yes,Yes,0,34000
Shehora,House,4,4,1059,3,5,No,Yes,Yes,5,30500
Town Hall,Duplex,5,5,2068,4,4,No,Yes,Yes,12,53500
Notun Bazar,Studio,1,1,618,8,12,No,Yes,Yes,1,17500
Charpara,Apartment,2,1,708,3,8,Yes,No,No,0,25500
Town Hall,Apartment,3,3,1544,1,4,Yes,No,Yes,5,43000
Panditpara,Apartment,1,1,781,2,9,No,Yes,Yes,2,17500
Sankipara,Apartment,4,3,1639,13,14,Yes,Yes,Yes,3,52000
Kewatkhali,Apartment,3,2,1020,4,9,No,Yes,Yes,7,23500
Charpara,Apartment,2,1,536,3,5,No,Yes,No,1,18500
Akua,Duplex,5,5,2167,6,6,No,Yes,Yes,1,46000
Shehora,Apartment,2,3,881,4,7,No,No,Yes,8,18500
Ganginar Par,Apartment,3,2,870,4,4,No,No,No,0,21500
Ganginar Par,Apartment,2,2,1392,1,8,No,Yes,Yes,1,30500
Shehora,Apartment,3,2,883,9,9,No,No,Yes,5,19000
Charpara,Apartment,3,2,1011,1,6,Yes,Yes,Yes,1,35500
Notun Bazar,Apartment,3,2,984,1,8,No,No,Yes,2,20000
Notun Bazar,Apartment,4,4,1519,5,8,No,No,Yes,0,37000
Charpara,Duplex,4,5,2070,4,7,No,No,Yes,0,56000
Notun Bazar,Apartment,3,2,1253,5,6,No,No,Yes,20,25000
Town Hall,Apartment,3,3,1558,2,6,Yes,Yes,Yes,6,53500
Town Hall,Apartment,4,4,1446,3,6,No,Yes,Yes,18,35500
Town Hall,Apartment,2,2,1193,1,9,No,No,Yes,11,23000
Sankipara,Apartment,3,2,1299,2,8,Yes,Yes,Yes,0,42000
Charpara,Apartment,3,2,950,6,10,No,Yes,No,7,26500
Sankipara,Apartment,2,2,1366,6,7,Yes,Yes,Yes,10,38000
Shehora,Apartment,3,3,1638,3,16,No,Yes,Yes,10,31000
Shehora,Apartment,4,3,1461,6,10,No,No,Yes,1,31500
Panditpara,Apartment,3,3,1218,3,4,No,Yes,Yes,4,29500
Ganginar Par,Duplex,4,5,3697,1,5,No,No,Yes,4,85000
Ganginar Par,Apartment,2,2,1329,7,12,No,Yes,Yes,30,26500
Ganginar Par,Duplex,4,4,2216,1,5,No,Yes,Yes,1,52500
Choto Bazar,House,4,4,1808,5,6,No,Yes,Yes,5,40500
Panditpara,Apartment,3,3,1575,7,7,No,No,Yes,0,29000
Notun Bazar,Apartment,3,2,1024,1,10,No,Yes,Yes,7,25000
Town Hall,Apartment,2,1,773,6,9,No,No,Yes,0,19000
Notun Bazar,Apartment,2,2,996,14,14,No,No,Yes,0,20500
Akua,Apartment,3,2,883,3,5,No,Yes,Yes,8,20000
Kachijhuli,Duplex,4,4,3083,2,7,No,No,Yes,16,71500
Maskanda,House,3,3,1542,6,6,No,Yes,Yes,7,32500
Charpara,Apartment,3,2,1343,3,6,No,Yes,Yes,0,38500
Charpara,Studio,1,1,439,3,5,No,Yes,Yes,8,15500
Kachijhuli,Studio,1,1,555,7,8,No,No,Yes,4,14500
Sankipara,House,4,4,1764,10,12,Yes,Yes,Yes,10,51500
Town Hall,Apartment,2,2,1015,7,8,No,No,Yes,1,23000
Ganginar Par,Apartment,3,2,1299,2,4,No,Yes,Yes,5,28000
Charpara,Apartment,3,2,1039,1,5,No,Yes,Yes,5,27000
Shehora,Apartment,2,2,1099,4,8,No,Yes,No,2,22500
Sankipara,Apartment,3,3,1485,3,5,Yes,Yes,Yes,7,45000
Charpara,Apartment,3,2,1069,3,6,No,No,Yes,2,28500
Sankipara,Studio,1,1,561,1,9,Yes,No,No,6,17000
Ganginar Par,House,3,2,2063,1,5,No,Yes,Yes,1,40500
Akua,Apartment,3,3,1173,8,8,No,No,Yes,4,22500
Ganginar Par,Apartment,3,2,1190,4,8,No,No,Yes,7,26500
Sankipara,Studio,1,1,301,4,4,Yes,Yes,No,11,15000
Shehora,Apartment,3,2,1272,3,4,No,Yes,No,3,26500
Charpara,Apartment,3,3,1855,3,6,No,No,Yes,8,43000
Town Hall,Apartment,2,2,915,3,5,No,No,Yes,4,23000
Shehora,Apartment,4,4,1637,2,9,Yes,Yes,No,4,46500
Kachijhuli,Apartment,1,1,724,8,9,No,No,Yes,4,16500
Choto Bazar,House,3,2,1476,2,6,No,Yes,Yes,3,32500
Town Hall,Duplex,5,5,2411,4,4,No,Yes,Yes,1,66000
Ganginar Par,Apartment,3,4,1410,1,6,No,Yes,Yes,5,34500
Kachijhuli,Apartment,3,3,1553,2,6,No,No,Yes,2,38500
Shehora,Duplex,6,7,2198,1,7,No,No,Yes,2,47000
Shehora,Apartment,3,3,1686,4,4,Yes,Yes,No,1,49500
Kachijhuli,Apartment,2,3,1224,2,8,No,No,No,0,28000
Panditpara,Studio,1,1,368,5,9,No,Yes,No,7,11000
Charpara,Apartment,3,2,1175,4,8,No,Yes,Yes,1,35000
Shehora,Apartment,2,3,1091,5,5,No,No,Yes,9,20000
Town Hall,Apartment,1,1,746,4,6,No,No,Yes,0,16500
Akua,House,3,2,1658,1,6,No,No,Yes,1,28500
Sankipara,House,3,3,1543,8,8,No,Yes,No,1,30500
Shehora,Apartment,3,2,1336,5,7,No,Yes,Yes,8,30000
Charpara,Apartment,2,2,1127,3,4,No,No,Yes,0,25000
Town Hall,House,4,4,1527,3,5,No,No,No,3,37500
Town Hall,Apartment,3,2,1065,1,9,Yes,No,Yes,3,36500
Kachijhuli,Apartment,3,4,1497,4,4,No,Yes,Yes,4,40500
Choto Bazar,Apartment,3,3,854,1,5,Yes,No,No,16,23500
Town Hall,Studio,1,1,343,6,7,No,No,No,4,9000
Charpara,Studio,1,1,552,2,4,Yes,No,Yes,5,22000
Ganginar Par,Apartment,3,2,1318,6,6,No,No,Yes,4,30000
Akua,Apartment,3,3,1491,3,14,No,No,Yes,0,28500
Notun Bazar,Apartment,3,2,1138,1,4,No,No,Yes,2,22500
Charpara,Apartment,3,2,1357,3,8,No,Yes,Yes,1,39000
Ganginar Par,Apartment,3,2,1297,5,14,Yes,No,Yes,0,38000
Charpara,Apartment,3,2,1040,7,9,No,Yes,No,3,28000
Sankipara,Apartment,3,3,1306,1,5,Yes,Yes,Yes,1,42000
Charpara,Apartment,4,3,1491,2,12,No,Yes,Yes,3,44000
Town Hall,Duplex,6,6,2703,3,6,Yes,Yes,Yes,0,95500
Charpara,Apartment,3,2,1118,2,8,No,No,No,3,27500
Ganginar Par,Apartment,4,3,1547,2,4,No,Yes,Yes,3,41000
Panditpara,House,5,5,997,1,4,No,No,Yes,4,25000
Charpara,Apartment,3,3,976,6,6,No,No,Yes,9,25000
Charpara,Apartment,3,3,858,6,9,No,No,No,0,23000
Panditpara,Apartment,2,1,683,3,6,No,No,Yes,7,14000
Panditpara,Studio,1,1,504,1,12,No,No,No,5,9000
Kachijhuli,Apartment,3,3,1737,3,6,No,Yes,Yes,15,41500
Charpara,Apartment,3,2,1176,3,5,No,Yes,Yes,13,29500
Shehora,Apartment,3,2,1199,2,6,No,Yes,Yes,3,27500
Town Hall,Apartment,3,2,1321,4,5,No,No,Yes,1,30500
Maskanda,Apartment,3,2,1314,2,5,No,Yes,Yes,2,27500
Choto Bazar,Studio,1,1,487,6,12,No,No,No,30,7000
Charpara,Apartment,4,4,1524,3,4,No,No,No,4,40000
Notun Bazar,Apartment,3,3,1427,1,4,No,Yes,Yes,3,32500
Ganginar Par,Duplex,5,5,1844,1,14,No,No,Yes,10,45500
Sankipara,Apartment,3,2,1098,3,4,No,No,Yes,3,23000
Ganginar Par,Apartment,3,3,1498,8,10,No,No,Yes,2,34000
Charpara,Apartment,4,3,1939,2,8,No,Yes,Yes,1,51000
Charpara,Apartment,3,3,1544,1,9,No,Yes,Yes,30,32000
Akua,Apartment,4,3,1411,1,8,Yes,Yes,No,6,37000
Choto Bazar,Studio,1,1,358,6,9,No,Yes,Yes,6,12000
Sankipara,Apartment,2,2,1394,1,4,No,Yes,Yes,7,26000
Charpara,Apartment,3,3,1459,3,7,No,Yes,Yes,1,39500
Panditpara,Apartment,3,2,958,1,6,No,No,No,1,20000
Maskanda,Apartment,3,4,1407,12,12,No,Yes,Yes,0,30000
Sankipara,Apartment,3,2,1360,5,7,Yes,Yes,Yes,1,48500
Akua,House,4,4,2071,7,8,Yes,Yes,Yes,3,53000
Notun Bazar,Apartment,1,1,645,1,7,No,No,Yes,1,12500
Sankipara,Apartment,3,2,1238,3,6,No,Yes,Yes,3,28500
Akua,Studio,1,1,500,9,10,Yes,Yes,No,2,17000
Town Hall,House,3,3,1191,3,12,No,Yes,No,0,35000
Kachijhuli,Duplex,6,6,2716,6,6,No,Yes,Yes,0,78500
Sankipara,Apartment,3,2,1222,5,5,Yes,Yes,Yes,23,33500
Shehora,Apartment,2,2,1030,2,7,Yes,Yes,Yes,3,35500
Kachijhuli,Apartment,2,2,1200,1,4,No,Yes,Yes,9,31000
Shehora,Duplex,5,5,3091,4,5,Yes,No,Yes,1,83500
Charpara,House,3,2,1623,5,10,No,Yes,No,7,36000
Akua,Apartment,3,4,1505,5,5,No,Yes,Yes,10,26000
Shehora,Apartment,3,2,1391,1,10,No,Yes,Yes,7,26000
Kachijhuli,Duplex,5,5,2427,6,6,No,Yes,Yes,7,75000
Shehora,Apartment,2,3,1151,7,14,No,No,Yes,13,20000
Ganginar Par,Apartment,2,2,1178,1,7,No,No,Yes,3,25000
Notun Bazar,Apartment,2,3,1395,3,8,No,Yes,Yes,21,25500
Kachijhuli,Apartment,2,2,1206,3,7,No,Yes,Yes,1,31500
Town Hall,Apartment,2,2,818,3,5,No,No,Yes,0,20000
Charpara,Apartment,2,2,1275,4,5,No,No,Yes,14,29000
Kachijhuli,Studio,1,1,489,5,9,No,No,Yes,0,14500
Charpara,Apartment,3,4,1761,2,5,No,Yes,Yes,0,49000
Shehora,Apartment,4,3,1456,1,5,Yes,No,Yes,1,42500
Maskanda,Apartment,3,2,962,5,9,No,Yes,Yes,7,23000
Maskanda,Apartment,3,3,1505,14,14,No,No,Yes,0,28000
Panditpara,Apartment,2,1,750,6,8,No,No,Yes,9,16000
Town Hall,Apartment,3,3,897,1,4,No,No,Yes,18,20000
Notun Bazar,Apartment,3,2,1192,2,9,No,No,Yes,7,27000
Maskanda,Duplex,5,6,2653,1,9,Yes,Yes,Yes,4,80000
Notun Bazar,Apartment,3,2,1352,4,7,No,Yes,Yes,6,31000
Charpara,Apartment,4,4,1500,1,7,Yes,No,Yes,2,46000
Panditpara,Apartment,2,2,1191,9,14,No,Yes,No,0,23000
Maskanda,Apartment,3,2,1037,3,5,No,No,Yes,9,20500
Notun Bazar,Apartment,3,3,1059,2,4,No,No,Yes,7,23500
Kachijhuli,House,5,4,900,2,9,Yes,No,Yes,30,37500
Charpara,Apartment,3,2,1363,7,8,Yes,No,Yes,1,42500
Town Hall,Apartment,2,1,790,5,16,No,No,Yes,3,18500
Charpara,Apartment,2,1,646,6,7,No,Yes,Yes,9,20000
Sankipara,Apartment,4,4,1498,1,5,No,Yes,Yes,18,31000
Shehora,Apartment,2,3,1216,6,7,No,Yes,No,4,28000
Charpara,Apartment,4,3,1562,1,6,No,Yes,Yes,3,38000
Sankipara,Apartment,3,2,1214,2,6,No,No,Yes,6,21500
Maskanda,Duplex,5,6,3065,2,5,Yes,Yes,Yes,4,88000
Maskanda,Apartment,3,2,973,6,8,Yes,Yes,No,11,29500
Charpara,Studio,1,1,450,4,4,No,No,No,6,12000
Shehora,Apartment,3,3,1373,1,9,No,Yes,Yes,5,31000
Maskanda,Apartment,2,2,1184,4,6,No,Yes,No,6,23500
Panditpara,Apartment,2,2,1214,2,4,No,No,Yes,2,23500
Notun Bazar,Apartment,3,3,922,2,8,No,No,Yes,2,22000
Kachijhuli,Apartment,3,3,1776,1,5,No,Yes,No,4,39500
Charpara,House,3,3,1451,7,8,No,No,Yes,10,33500
Maskanda,Apartment,3,2,878,2,5,No,No,Yes,18,18000
Maskanda,Apartment,3,2,1343,4,6,No,Yes,Yes,4,27500
Choto Bazar,Apartment,3,2,1352,7,8,No,Yes,Yes,0,28500
Charpara,Apartment,4,3,1437,2,6,No,No,No,7,35500
Shehora,Apartment,4,3,1787,3,6,No,Yes,No,19,31000
Shehora,Apartment,2,3,1180,1,5,Yes,Yes,Yes,13,32000
Sankipara,House,5,5,1371,1,7,Yes,No,Yes,8,43000
Charpara,Apartment,3,2,1260,5,7,No,No,Yes,12,29500
Panditpara,Apartment,3,3,1434,1,8,Yes,Yes,No,11,35500
Kewatkhali,Apartment,2,2,1388,2,4,No,No,Yes,12,21500
Akua,Apartment,3,3,1437,8,8,No,No,No,20,21500
Panditpara,Duplex,5,5,1988,2,7,No,Yes,Yes,21,43000
Kachijhuli,Apartment,3,3,1577,7,8,Yes,No,Yes,0,52000
Town Hall,Apartment,3,3,1406,4,4,No,Yes,Yes,4,35000
Charpara,Apartment,3,3,1604,5,8,No,Yes,Yes,0,44000
Kewatkhali,Apartment,3,2,1072,10,12,Yes,Yes,No,6,32500
Maskanda,Apartment,3,3,833,1,7,No,No,Yes,1,19000
Sankipara,House,3,3,1537,1,6,Yes,No,Yes,18,33000
Charpara,Apartment,2,2,1292,5,7,No,No,Yes,4,28000
Ganginar Par,Apartment,3,2,1262,3,12,No,No,Yes,8,28000
Kachijhuli,Apartment,2,2,959,3,7,No,No,Yes,8,21000
Charpara,Apartment,3,2,1279,3,6,No,Yes,Yes,1,35000
Sankipara,Duplex,4,5,2146,1,4,Yes,No,Yes,1,62000
Town Hall,Apartment,3,2,1027,4,9,No,Yes,Yes,2,29500
Sankipara,Apartment,3,3,1261,7,7,No,Yes,Yes,3,29500
Sankipara,House,3,3,1940,9,10,No,Yes,No,12,35500
Town Hall,Apartment,2,2,1059,2,6,No,No,Yes,2,23500
Sankipara,Apartment,3,3,1588,4,4,Yes,No,No,6,41500
Charpara,Apartment,3,4,1834,2,8,No,Yes,Yes,6,47000
Charpara,House,3,3,1471,1,8,No,No,Yes,2,37000
Notun Bazar,House,3,2,1076,4,7,Yes,Yes,No,4,35500
Ganginar Par,Apartment,2,2,1342,7,10,No,Yes,Yes,5,29000
Kachijhuli,Apartment,2,3,1145,4,5,No,Yes,Yes,13,32000
Ganginar Par,Apartment,4,4,1418,9,10,Yes,No,Yes,3,47500
Town Hall,Apartment,2,2,1038,7,7,No,Yes,Yes,5,25000
Shehora,Apartment,3,2,1212,4,6,Yes,No,Yes,6,36500
Charpara,Apartment,3,4,1499,5,6,No,Yes,Yes,7,38000
Maskanda,Studio,1,1,482,6,9,Yes,Yes,No,6,18500
Charpara,Apartment,3,3,1757,9,9,No,Yes,Yes,2,44500
Sankipara,Apartment,2,3,871,7,8,No,No,No,8,17000
Sankipara,Apartment,2,3,1208,5,10,No,No,Yes,2,23500
Town Hall,Apartment,3,2,835,6,8,No,Yes,Yes,3,27000
Ganginar Par,Apartment,3,4,1527,2,4,No,No,Yes,1,33000
Charpara,Apartment,2,2,857,8,8,No,No,Yes,3,19500
Charpara,Apartment,3,2,970,2,7,Yes,No,Yes,0,37500
Choto Bazar,Apartment,3,3,1242,7,7,No,Yes,Yes,2,30000
Ganginar Par,Apartment,2,2,805,5,10,Yes,Yes,Yes,15,29500
Shehora,Apartment,3,3,1433,5,10,No,No,Yes,4,31000
Shehora,Apartment,4,3,1494,3,5,No,Yes,Yes,5,33000
Town Hall,House,4,4,1877,6,6,Yes,No,Yes,21,49000
Sankipara,Apartment,4,3,1499,1,6,No,Yes,Yes,18,28500
Shehora,Apartment,3,3,1622,4,4,No,Yes,Yes,1,34000
Town Hall,Apartment,3,3,1316,1,6,No,Yes,Yes,3,31000
Charpara,Apartment,3,2,1131,1,12,No,Yes,Yes,6,28500
Town Hall,Apartment,3,3,923,5,8,No,No,Yes,1,27500
Charpara,Apartment,2,2,1085,1,7,No,No,Yes,7,24500
Ganginar Par,Apartment,3,3,1417,6,6,No,Yes,Yes,10,36000
Charpara,Apartment,4,3,1810,1,5,No,No,Yes,9,40000
Charpara,Apartment,3,2,1041,2,10,Yes,No,Yes,14,35500
Akua,Apartment,3,3,1526,3,7,No,Yes,Yes,0,33000
Kachijhuli,Studio,1,1,501,1,12,No,No,Yes,2,13000
Sankipara,Apartment,3,3,1856,1,6,No,Yes,Yes,8,33500
Ganginar Par,Apartment,3,2,868,12,14,Yes,No,Yes,5,28000
Charpara,Apartment,3,3,1135,4,5,No,Yes,Yes,2,35000
Kachijhuli,Apartment,3,3,1281,1,4,Yes,Yes,Yes,2,43500
Akua,Apartment,3,3,1798,9,10,No,No,Yes,8,29000
Shehora,Apartment,3,2,1027,5,7,No,No,No,0,22000
Akua,Duplex,5,5,2714,5,6,No,Yes,Yes,11,51500
Ganginar Par,Apartment,3,4,1668,11,12,No,Yes,Yes,8,40500
Kachijhuli,Apartment,2,2,1202,9,9,No,Yes,Yes,2,28000
Notun Bazar,Apartment,3,2,1007,1,7,Yes,Yes,Yes,1,38500
Panditpara,Apartment,3,2,1126,2,6,Yes,Yes,Yes,4,37500
Charpara,Apartment,4,4,1713,3,5,No,No,No,1,44000
Choto Bazar,Apartment,2,1,632,9,9,No,No,Yes,0,13500
Panditpara,Apartment,4,3,1684,1,7,No,No,Yes,14,30000
Charpara,Duplex,4,4,2622,5,8,No,Yes,Yes,10,60500
Ganginar Par,Apartment,2,2,1114,10,10,No,No,Yes,0,24000
Ganginar Par,Duplex,5,6,2170,2,7,Yes,No,Yes,4,72000
Choto Bazar,Duplex,6,6,1800,1,4,Yes,No,Yes,1,57500
Ganginar Par,Apartment,3,2,929,4,4,No,No,No,3,22500
Ganginar Par,Apartment,3,3,1650,14,14,Yes,Yes,Yes,12,45500
Charpara,Apartment,3,3,803,4,5,No,Yes,Yes,11,24500
Akua,Apartment,2,2,830,4,7,No,No,Yes,4,16000
Notun Bazar,Apartment,2,1,712,1,6,Yes,Yes,No,25,17500
Kachijhuli,Apartment,3,2,1366,3,8,No,Yes,Yes,2,35500
Ganginar Par,Apartment,3,3,1530,3,4,No,Yes,Yes,6,39000
Panditpara,Apartment,3,2,1366,1,10,No,No,Yes,0,26000
Charpara,Apartment,4,3,1689,1,8,Yes,No,Yes,5,52000
Ganginar Par,Apartment,3,2,1398,5,6,No,No,Yes,3,29500
Notun Bazar,Apartment,3,2,932,4,7,No,No,Yes,0,23500
Maskanda,Apartment,3,3,1020,3,7,Yes,Yes,Yes,0,34500
Shehora,Apartment,3,3,1308,5,6,No,Yes,Yes,13,27500
Ganginar Par,Apartment,2,3,926,6,6,No,No,No,14,20000
Town Hall,Apartment,4,3,1530,6,9,No,Yes,Yes,5,39000
Panditpara,Duplex,4,4,2455,1,4,No,Yes,Yes,3,47000
Shehora,Apartment,3,2,1230,6,6,No,Yes,Yes,5,29000
Notun Bazar,Duplex,5,6,2354,6,6,No,No,Yes,3,58500
Town Hall,Apartment,3,2,1276,3,9,No,No,Yes,6,28500
Akua,Studio,1,1,504,2,9,No,Yes,Yes,0,14500
Charpara,Apartment,3,2,1347,1,6,No,No,Yes,3,31500
Sankipara,Studio,1,1,323,7,8,No,No,No,6,7000
Ganginar Par,Apartment,2,1,797,8,9,Yes,No,Yes,2,26000
Town Hall,Apartment,3,4,1500,8,14,Yes,No,Yes,0,47500
Charpara,Apartment,3,2,1335,1,4,No,Yes,Yes,2,33500
Charpara,House,5,5,1219,1,16,No,Yes,No,0,41000
Kewatkhali,Apartment,3,3,900,8,8,No,No,Yes,9,18000
Shehora,Apartment,3,2,1030,13,14,No,Yes,No,1,24000
Panditpara,Apartment,3,4,1437,1,7,No,No,Yes,10,26500
Maskanda,Duplex,6,6,2778,5,6,Yes,No,Yes,4,79500
Charpara,Apartment,2,2,985,1,9,Yes,Yes,Yes,7,33500
Charpara,House,3,3,1860,1,4,No,No,Yes,2,43000
Sankipara,Apartment,3,2,1222,13,14,No,No,Yes,1,26000
Notun Bazar,Apartment,2,2,1198,5,8,Yes,No,Yes,1,39500
Shehora,Studio,1,1,383,4,6,No,Yes,No,0,13000
Notun Bazar,Apartment,2,2,1020,1,4,No,Yes,Yes,3,24500
Kachijhuli,Studio,1,1,471,8,12,Yes,No,No,15,16500
Kachijhuli,Apartment,3,2,1101,2,6,Yes,No,No,14,38000
Charpara,Apartment,2,3,1254,1,7,No,Yes,Yes,0,30500
Akua,Apartment,4,3,1595,1,8,No,No,Yes,1,28000
Shehora,Apartment,4,3,1659,1,6,No,Yes,Yes,3,33500
Choto Bazar,Apartment,4,3,1410,4,8,No,Yes,No,17,30000
Ganginar Par,Apartment,3,3,1598,3,8,Yes,No,Yes,6,53000
Charpara,Apartment,3,2,1135,12,16,No,Yes,Yes,0,34000
Charpara,Apartment,2,2,1152,11,12,No,Yes,Yes,2,28500
Ganginar Par,House,5,5,1997,4,4,Yes,No,Yes,0,65500
Notun Bazar,Apartment,3,2,1168,5,5,No,No,Yes,4,27500
Kachijhuli,Apartment,4,3,1524,5,6,No,No,Yes,3,37500
Town Hall,Apartment,2,1,636,4,6,No,Yes,Yes,10,20000
Kachijhuli,Studio,1,1,457,4,8,Yes,No,No,3,19000
Sankipara,Apartment,3,4,2039,5,12,No,Yes,Yes,4,42500
Sankipara,Apartment,4,3,1559,10,10,No,No,Yes,8,29000
Ganginar Par,Apartment,3,2,865,3,8,No,Yes,Yes,0,24500
Charpara,Apartment,4,3,1730,4,12,No,Yes,Yes,5,42500
Kachijhuli,Apartment,3,2,928,5,5,No,No,Yes,3,27000
Town Hall,Apartment,3,3,898,4,6,Yes,Yes,No,7,34000
Sankipara,House,3,2,1767,5,5,No,No,No,16,32000
Charpara,Apartment,2,2,880,3,8,No,Yes,Yes,3,23500
Sankipara,House,4,4,2100,2,6,No,No,Yes,5,41500
Charpara,Apartment,3,3,1510,4,5,No,Yes,No,7,39500
Kachijhuli,House,3,3,2325,7,7,No,No,Yes,1,50500
Charpara,Apartment,3,2,853,7,9,No,No,Yes,6,25000
Charpara,Apartment,2,3,1165,1,14,No,No,Yes,13,25000
Kachijhuli,House,3,2,1382,1,5,No,No,Yes,9,32500
Town Hall,Apartment,3,2,1165,11,12,No,Yes,Yes,0,28500
Charpara,House,3,2,1367,1,6,Yes,No,Yes,5,40500
Town Hall,Apartment,2,2,953,1,8,No,No,Yes,1,21000
Charpara,Apartment,2,2,1301,4,6,No,Yes,No,10,28500
Kewatkhali,Apartment,3,3,819,6,7,No,No,Yes,3,19000
Town Hall,House,4,4,1366,1,5,Yes,Yes,Yes,0,47500
Charpara,House,4,4,1607,6,9,Yes,Yes,Yes,19,51000
Notun Bazar,Apartment,3,2,1309,3,4,No,No,No,2,26500
Charpara,Apartment,2,3,1226,6,10,No,No,Yes,19,26500
Charpara,Apartment,2,1,502,3,8,No,No,Yes,6,14000
Charpara,Apartment,4,3,1400,3,4,Yes,Yes,Yes,0,53500
Kewatkhali,Apartment,3,2,1068,1,10,No,Yes,Yes,1,21500
Town Hall,House,4,4,2203,5,12,No,No,Yes,1,55000
Charpara,Apartment,2,3,945,1,7,No,Yes,Yes,7,24500
Kewatkhali,House,3,3,1425,6,14,No,Yes,Yes,2,29000
Notun Bazar,Apartment,2,3,1157,3,4,No,No,Yes,0,24500
Ganginar Par,Apartment,3,3,868,12,12,No,Yes,Yes,1,25500
Kewatkhali,Apartment,3,2,1131,4,7,Yes,No,Yes,0,32500
Shehora,Apartment,3,3,1665,1,7,No,Yes,Yes,0,35500
Charpara,Apartment,2,3,1039,5,9,No,No,Yes,0,26500
Charpara,House,4,4,1730,9,9,No,Yes,No,0,47000
Shehora,House,5,5,1774,12,12,No,No,No,8,38000
Choto Bazar,Apartment,2,2,1319,8,9,No,No,Yes,3,22500
Sankipara,Apartment,3,2,1109,2,7,No,Yes,No,1,27500
Charpara,Apartment,3,2,1356,3,9,No,Yes,Yes,0,36500
Charpara,House,3,3,1472,4,6,No,Yes,Yes,0,40500
Ganginar Par,Apartment,3,3,1443,7,7,No,Yes,Yes,1,37500
Shehora,Duplex,6,6,2376,3,7,No,No,Yes,20,45000
Sankipara,Apartment,3,2,1236,6,6,No,Yes,Yes,4,27000
Ganginar Par,Apartment,2,1,500,3,6,Yes,Yes,No,8,21000
Notun Bazar,House,3,3,1681,4,5,No,No,Yes,0,35000
Maskanda,Apartment,3,2,1193,4,8,No,Yes,Yes,1,24500
Shehora,Apartment,3,3,1365,7,9,No,No,Yes,7,26000
Maskanda,Duplex,6,6,2079,5,8,No,Yes,Yes,9,50000
Kewatkhali,Apartment,3,3,1459,4,6,Yes,No,Yes,7,33000
Shehora,Apartment,3,2,1041,4,6,No,No,Yes,0,24000
Notun Bazar,Apartment,2,2,1343,4,5,No,Yes,No,0,29000
Kachijhuli,Duplex,6,7,3251,6,8,Yes,Yes,Yes,14,113000
Town Hall,Apartment,4,3,1593,2,14,No,Yes,Yes,1,44000
Ganginar Par,House,3,3,1337,5,6,No,No,Yes,0,33500
Notun Bazar,House,3,2,912,8,10,No,Yes,Yes,11,24000
Shehora,Apartment,3,2,1351,11,14,No,Yes,No,3,29000
Shehora,Apartment,4,3,1621,8,8,No,Yes,No,0,35000
Ganginar Par,Apartment,2,2,818,5,6,Yes,No,No,0,27500
Charpara,House,3,3,1507,5,9,No,Yes,No,0,41500
Panditpara,Apartment,2,2,827,8,9,No,No,Yes,6,15500
Charpara,Apartment,3,3,1135,4,5,No,Yes,Yes,6,34000
Kachijhuli,House,4,3,1681,2,6,No,No,Yes,6,43000
Charpara,Apartment,2,1,713,7,7,No,No,Yes,2,17000
Ganginar Par,Apartment,3,3,1139,5,6,Yes,Yes,Yes,1,48000
Shehora,Apartment,3,3,1707,6,6,Yes,No,No,16,37500
Akua,Apartment,2,2,1344,7,7,Yes,Yes,Yes,2,34000
Charpara,Apartment,2,3,854,6,8,No,No,Yes,6,23000
Town Hall,Apartment,3,2,1067,2,4,No,Yes,Yes,3,29500
Notun Bazar,Duplex,4,4,2194,3,7,No,No,Yes,1,54000
Shehora,Apartment,4,4,1440,4,4,No,Yes,Yes,2,36500
Sankipara,Apartment,4,3,1497,4,6,No,Yes,Yes,9,32500
Notun Bazar,Studio,1,1,437,5,5,No,No,No,3,9000
Ganginar Par,Apartment,3,3,1503,2,5,No,Yes,Yes,9,41500
Choto Bazar,Apartment,3,2,1044,4,5,No,Yes,Yes,5,23000
Kachijhuli,Apartment,3,3,1280,4,4,No,Yes,Yes,21,29000
Charpara,House,5,5,1284,7,7,No,No,Yes,0,36500
Shehora,Duplex,5,5,2201,1,7,Yes,No,Yes,4,68000
Town Hall,Apartment,3,3,1677,5,5,No,Yes,Yes,0,43000
Shehora,Apartment,3,2,1249,6,8,Yes,Yes,Yes,12,37000
Town Hall,Apartment,2,2,894,6,8,No,No,Yes,2,20500
Town Hall,House,3,3,1383,4,4,No,No,Yes,6,35500
Ganginar Par,Apartment,2,2,1182,5,5,Yes,Yes,Yes,5,41000
Notun Bazar,House,3,3,1712,5,7,No,No,Yes,7,37500
Charpara,Apartment,2,3,1235,1,5,No,No,No,14,25500
Notun Bazar,Apartment,1,1,620,4,5,Yes,Yes,Yes,2,22000
Notun Bazar,Apartment,3,3,1151,3,8,No,No,Yes,0,28000
Charpara,Apartment,3,2,1125,1,5,Yes,No,Yes,10,34500
Charpara,Apartment,2,3,852,2,5,Yes,Yes,Yes,0,36000
Sankipara,Apartment,3,3,891,5,6,No,No,Yes,16,21000
Charpara,Apartment,3,3,1439,2,6,No,Yes,Yes,2,38000
Sankipara,Apartment,4,4,1619,6,7,No,Yes,Yes,6,38500
Shehora,Apartment,3,2,976,5,6,No,No,Yes,6,21000
Notun Bazar,Apartment,3,3,919,3,6,No,No,Yes,5,24500
Kachijhuli,Studio,1,1,407,2,4,No,No,No,3,12000
Shehora,Apartment,3,3,1402,1,6,No,No,Yes,0,25000
Sankipara,Apartment,2,1,722,4,5,No,No,Yes,2,16000
Notun Bazar,Apartment,3,4,1594,8,8,No,No,Yes,6,30000
Kewatkhali,Apartment,2,1,648,5,7,No,No,Yes,4,12000
Sankipara,Apartment,3,3,1177,3,5,No,No,No,8,23000
Town Hall,Apartment,2,1,704,2,5,No,No,Yes,0,18000
Shehora,House,3,2,1667,5,8,No,No,Yes,2,36500
Charpara,Apartment,2,2,843,1,7,No,No,Yes,10,21000
Notun Bazar,House,3,3,1170,1,12,No,Yes,Yes,1,29000
Panditpara,House,3,3,1957,5,6,No,No,Yes,13,38500
Town Hall,Studio,1,1,592,1,14,No,No,No,6,11500
Charpara,Apartment,3,2,1163,2,7,No,Yes,No,7,32500
Ganginar Par,Apartment,2,1,712,2,7,No,No,Yes,2,16000
Shehora,Apartment,3,2,868,1,6,No,No,No,11,16000
Charpara,Apartment,3,2,900,3,6,No,No,Yes,16,21000
Kachijhuli,Apartment,2,2,1062,13,16,Yes,No,Yes,10,33000
Maskanda,Apartment,4,3,1415,3,7,No,Yes,Yes,7,34000
Akua,Apartment,3,2,1299,6,7,No,No,Yes,11,21000
Charpara,Apartment,3,4,1461,6,6,No,Yes,No,0,44500
Kachijhuli,House,4,4,1439,2,6,No,No,Yes,7,40000
Ganginar Par,Duplex,4,4,1800,4,4,No,No,Yes,1,45000
Sankipara,House,4,4,1289,1,5,Yes,Yes,Yes,1,40000
Charpara,Apartment,3,2,1267,4,6,No,Yes,Yes,30,26000
Maskanda,Apartment,3,3,1330,8,8,No,Yes,Yes,4,27500
Notun Bazar,Apartment,3,3,1385,4,12,Yes,No,Yes,1,43500
Town Hall,Apartment,3,3,1363,5,6,No,No,Yes,2,32000
Notun Bazar,Apartment,3,3,1049,2,10,No,Yes,Yes,0,30500
Kewatkhali,House,5,5,1192,5,6,No,No,Yes,2,27000
Ganginar Par,Apartment,4,3,1561,1,9,No,Yes,No,3,35500
Notun Bazar,Apartment,3,2,1032,2,5,No,Yes,Yes,10,26500
Ganginar Par,Apartment,3,3,1213,7,7,Yes,Yes,Yes,12,34000
Kachijhuli,Apartment,3,2,968,1,6,No,Yes,Yes,12,27500
Sankipara,Apartment,3,3,1034,7,8,Yes,Yes,Yes,3,35000
Ganginar Par,Apartment,3,2,859,6,6,No,Yes,Yes,5,26000
Kachijhuli,Apartment,3,3,1389,7,9,No,Yes,Yes,5,36000
Ganginar Par,Studio,1,1,391,2,6,No,No,No,2,10000
Shehora,Studio,1,1,490,2,5,No,Yes,No,21,11000
Kachijhuli,Apartment,2,3,876,3,6,No,Yes,No,6,25500
Choto Bazar,Apartment,3,2,1010,5,8,No,Yes,Yes,2,27000
Ganginar Par,Apartment,3,3,1132,9,10,No,No,No,6,25500
Charpara,Apartment,2,2,1070,4,7,No,Yes,Yes,2,30000
Charpara,Apartment,3,3,1073,2,7,No,No,Yes,4,24000
Akua,Apartment,3,2,1003,4,9,No,No,Yes,4,20500
Town Hall,Apartment,3,2,1383,2,10,No,No,Yes,0,33000
Akua,Apartment,3,2,1118,3,4,Yes,Yes,Yes,2,37500
Sankipara,Apartment,3,2,1165,1,4,No,No,Yes,6,21500
Shehora,House,4,4,1604,3,4,Yes,No,No,7,44500
Kachijhuli,Apartment,3,3,1188,4,5,No,Yes,Yes,7,35500
Sankipara,Apartment,3,2,982,6,12,Yes,No,Yes,3,29500
Sankipara,Apartment,2,1,752,2,5,Yes,Yes,Yes,1,27000
Maskanda,Apartment,3,2,1001,4,4,Yes,No,Yes,7,30500
Charpara,Duplex,6,7,2568,5,5,No,Yes,Yes,14,72500
Town Hall,Apartment,2,3,1103,2,9,Yes,No,No,2,38500
Charpara,Studio,1,1,446,1,7,No,Yes,Yes,4,14500
Charpara,Apartment,3,3,1303,8,8,No,No,Yes,1,28000
Shehora,House,3,3,1037,5,8,No,Yes,Yes,2,28500
Notun Bazar,Apartment,3,3,1523,3,7,No,Yes,Yes,4,37500
Kachijhuli,Apartment,3,2,1265,2,6,No,Yes,Yes,6,36500
Town Hall,House,4,4,1650,5,5,No,No,Yes,14,38500
Notun Bazar,Studio,1,1,357,8,8,Yes,No,Yes,4,14000
Charpara,Apartment,3,2,1359,6,8,Yes,Yes,Yes,4,46000
Notun Bazar,Apartment,2,1,687,3,9,No,No,Yes,0,16000
Town Hall,Apartment,2,2,1333,5,6,No,No,Yes,6,30500
Town Hall,House,3,3,1692,5,8,No,Yes,Yes,21,37500
Akua,Duplex,5,6,2630,2,5,No,Yes,Yes,1,53500
Panditpara,Apartment,1,1,692,5,5,No,No,Yes,16,12500
Notun Bazar,House,3,3,1458,6,6,No,No,Yes,16,29500
Town Hall,Apartment,4,3,1426,3,6,No,No,Yes,25,29000
Notun Bazar,Apartment,3,3,1040,3,7,No,Yes,Yes,6,28500
Panditpara,Duplex,6,7,2479,1,7,No,No,Yes,3,53000
Maskanda,Apartment,4,4,1446,5,6,No,No,No,10,26500
Kachijhuli,Apartment,3,3,1218,2,10,No,Yes,No,1,36000
Choto Bazar,Apartment,2,1,797,2,6,No,No,Yes,1,16000
Charpara,Apartment,4,3,1624,6,7,No,Yes,Yes,6,42000
Maskanda,House,4,4,1397,8,8,No,No,No,5,25500
Charpara,Duplex,5,5,2183,6,12,No,No,Yes,5,64500
Notun Bazar,Apartment,2,2,1145,2,6,No,Yes,No,0,28500
Notun Bazar,Apartment,3,2,1331,1,6,Yes,Yes,Yes,0,38000
Town Hall,Apartment,4,4,1800,4,4,No,Yes,No,0,45000
Ganginar Par,Apartment,3,3,1181,2,6,Yes,Yes,Yes,8,42500
Sankipara,Apartment,3,2,1343,4,7,No,Yes,Yes,1,28000
Town Hall,Apartment,4,4,1567,2,7,No,No,Yes,6,38500
Town Hall,Apartment,3,2,1375,6,6,Yes,Yes,Yes,17,42000
Ganginar Par,Duplex,5,5,2303,4,6,Yes,No,Yes,8,74000
Akua,Apartment,2,3,1149,6,7,No,Yes,Yes,0,26000
Kachijhuli,Apartment,2,2,1117,2,4,Yes,No,No,1,36500
Notun Bazar,Apartment,3,2,1210,3,14,No,Yes,No,4,26000
Kachijhuli,Duplex,5,6,2246,8,8,No,Yes,Yes,6,60000
Maskanda,Duplex,5,5,2271,6,6,No,Yes,Yes,2,56500
Charpara,Apartment,1,1,766,5,8,No,No,Yes,10,17500
Kewatkhali,Apartment,2,2,1124,7,7,No,Yes,Yes,4,20500
Shehora,Apartment,3,2,1227,4,5,No,Yes,Yes,23,24000
Akua,Apartment,2,2,929,7,7,No,No,Yes,1,16000
Charpara,Apartment,2,2,921,6,7,No,No,Yes,8,22000
Maskanda,Studio,1,1,536,8,10,No,Yes,Yes,6,14500
Ganginar Par,Apartment,2,2,1156,8,9,Yes,Yes,Yes,2,36500
Maskanda,Duplex,6,7,2146,4,10,No,No,Yes,1,50000
Town Hall,Apartment,2,2,1086,4,9,No,No,No,3,26000
Notun Bazar,Apartment,3,3,923,1,4,No,Yes,Yes,1,26500
Kachijhuli,House,4,4,2273,6,6,No,Yes,Yes,11,53500
Maskanda,Apartment,3,2,1302,3,5,No,No,No,6,22000
Charpara,Apartment,2,1,799,8,14,No,Yes,Yes,0,23500
Shehora,Studio,1,1,387,7,12,No,No,No,1,8500
Panditpara,Apartment,3,3,913,1,7,No,Yes,Yes,1,22000
Notun Bazar,Apartment,3,2,1175,1,6,Yes,Yes,Yes,1,39500
Notun Bazar,Apartment,2,3,1223,2,9,No,Yes,Yes,0,32500
Ganginar Par,Studio,1,1,452,1,10,No,No,No,6,9500
Akua,House,3,3,1587,2,6,No,No,Yes,4,28500
Kachijhuli,Apartment,3,2,1237,2,7,No,Yes,No,0,33000
Ganginar Par,Apartment,3,2,895,2,8,No,No,Yes,4,23000
Charpara,Apartment,3,3,1438,1,8,No,Yes,Yes,14,34000
Town Hall,Studio,1,1,458,4,7,Yes,No,No,3,17500
Sankipara,Apartment,4,3,1618,4,6,No,No,Yes,5,32000
Kachijhuli,Apartment,2,2,1340,6,10,No,No,Yes,3,31000
Choto Bazar,Studio,1,1,423,4,7,Yes,No,Yes,8,15500
Ganginar Par,Apartment,4,3,1652,3,7,No,No,Yes,0,41000
Town Hall,House,4,4,2042,7,7,Yes,Yes,No,6,56500
Kachijhuli,Apartment,3,2,1322,5,9,No,No,Yes,13,32000
Maskanda,Apartment,2,3,1393,8,8,No,Yes,Yes,20,26000
Shehora,Apartment,3,2,844,1,5,No,No,Yes,1,20500
Town Hall,Studio,1,1,493,3,6,No,No,Yes,3,14000
Sankipara,Apartment,3,3,908,3,6,Yes,No,Yes,3,28500
Maskanda,Apartment,3,2,1201,6,9,No,Yes,Yes,7,23500
Town Hall,Apartment,3,3,1263,10,12,No,Yes,Yes,2,33500
Kachijhuli,Apartment,4,4,2213,1,6,Yes,Yes,Yes,3,71000
Shehora,House,3,2,1237,4,7,No,No,Yes,1,28000
Ganginar Par,Apartment,3,3,942,3,5,Yes,Yes,Yes,0,38000
Shehora,Apartment,3,3,1937,1,4,No,Yes,Yes,8,37000
Panditpara,Duplex,4,5,2165,5,5,No,No,Yes,4,47500
Shehora,Apartment,3,3,1464,6,6,No,Yes,No,0,34500
Maskanda,Apartment,4,3,1449,1,6,Yes,No,Yes,5,39500
Sankipara,House,4,4,1210,4,5,No,Yes,Yes,6,29500
Kachijhuli,Apartment,1,1,640,6,12,Yes,No,Yes,11,22500
Ganginar Par,Duplex,6,6,3104,5,6,No,Yes,Yes,6,82000
Choto Bazar,Apartment,3,2,1066,4,7,Yes,No,Yes,9,29000
Charpara,House,3,2,1156,4,7,No,Yes,Yes,4,36000
Charpara,Studio,1,1,350,6,6,Yes,No,No,6,14000
Maskanda,Apartment,3,2,1245,2,12,Yes,Yes,Yes,2,40000
Shehora,Duplex,6,6,2440,2,5,No,No,Yes,3,58000
Town Hall,Apartment,3,3,1339,2,5,No,Yes,Yes,17,33000
Charpara,Apartment,3,3,1270,2,7,No,No,Yes,7,33500
Panditpara,Apartment,3,2,1016,1,6,Yes,Yes,Yes,1,35500
Kachijhuli,House,3,3,1700,7,14,Yes,No,Yes,0,59500
Town Hall,Apartment,3,2,1059,5,5,No,No,Yes,3,27500
Panditpara,Apartment,2,3,1129,7,7,No,No,Yes,0,20500
Shehora,Apartment,3,2,1025,4,14,Yes,Yes,Yes,6,35500
Charpara,Apartment,3,2,1301,4,5,No,Yes,Yes,5,35500
Charpara,House,4,4,1579,3,6,No,Yes,Yes,4,47500
Ganginar Par,Apartment,3,2,1103,1,8,No,Yes,Yes,1,27000
Ganginar Par,Apartment,3,2,945,1,5,No,No,No,0,20000
Maskanda,Apartment,3,3,1515,5,6,No,No,Yes,7,28500
Kachijhuli,Apartment,3,4,1544,1,5,No,Yes,Yes,0,38500
Panditpara,Apartment,4,3,1415,3,4,No,No,Yes,5,26000
Shehora,House,5,4,1823,2,6,Yes,Yes,Yes,0,65000
Sankipara,Apartment,1,1,555,5,14,Yes,No,Yes,4,18000
Sankipara,Apartment,2,1,604,2,6,No,No,Yes,0,15000
Charpara,Apartment,3,2,1182,5,6,No,Yes,Yes,10,34000
Shehora,Studio,1,1,389,1,4,Yes,Yes,No,6,15500
Choto Bazar,Apartment,3,2,938,2,4,Yes,No,No,5,29500
Notun Bazar,Apartment,3,2,1171,2,4,No,Yes,No,4,27500
Town Hall,Apartment,3,3,1378,1,6,No,Yes,Yes,11,33000
Charpara,Apartment,3,3,860,4,5,No,No,Yes,7,25000
Shehora,Apartment,3,2,1363,7,10,No,Yes,No,3,28000
Akua,Apartment,3,3,1519,2,6,No,No,Yes,10,27000
Town Hall,Duplex,4,4,2530,1,12,No,No,Yes,4,52500
Choto Bazar,Apartment,2,1,663,2,5,No,Yes,No,7,18000
Charpara,Apartment,3,2,856,4,10,No,No,No,7,21500
Shehora,Duplex,4,4,1852,1,4,No,No,Yes,0,38000
Panditpara,Apartment,4,4,1545,3,10,No,Yes,Yes,4,36500
Charpara,Apartment,3,2,1140,4,10,Yes,No,Yes,0,39500
Maskanda,Apartment,3,2,1036,1,7,No,Yes,Yes,1,23000
Kachijhuli,Apartment,4,3,1454,11,12,No,No,Yes,1,39000
Charpara,Studio,1,1,297,8,9,No,No,No,4,8000
Maskanda,Apartment,3,2,851,1,5,No,No,Yes,0,20000
Shehora,Apartment,2,2,1128,2,14,Yes,Yes,Yes,4,35000
Ganginar Par,Apartment,3,2,1262,7,8,No,Yes,Yes,8,29500
Kachijhuli,House,4,4,1985,4,7,No,Yes,Yes,0,58000
Kewatkhali,Apartment,3,2,1160,4,8,No,No,Yes,6,21000
Charpara,Apartment,4,4,1757,5,9,Yes,No,Yes,2,54000
Shehora,Apartment,3,3,1289,2,6,No,Yes,Yes,6,31000
Notun Bazar,Apartment,3,3,1388,1,12,Yes,Yes,Yes,5,41000
Charpara,Apartment,3,2,1073,5,8,No,Yes,Yes,6,30500
Shehora,Apartment,4,3,1481,1,4,Yes,No,Yes,3,40000
Shehora,Apartment,3,3,1421,1,6,Yes,No,Yes,14,32000
Sankipara,Apartment,2,2,1279,4,5,No,Yes,Yes,1,27000
Choto Bazar,Apartment,3,3,1411,5,9,No,No,Yes,1,28500
Kachijhuli,Apartment,3,2,1330,1,5,Yes,Yes,Yes,16,38500
Town Hall,Apartment,3,2,1195,6,9,No,Yes,Yes,9,29000
Shehora,Apartment,3,2,852,3,7,Yes,No,No,5,28000
Town Hall,Apartment,3,2,982,3,7,No,No,Yes,13,22000
Town Hall,Studio,1,1,444,3,6,No,No,No,2,11000
Charpara,Apartment,3,3,1008,7,9,Yes,Yes,Yes,2,37500
Town Hall,Apartment,2,2,1369,4,4,Yes,Yes,No,5,45000
Kachijhuli,Apartment,3,2,1274,1,6,No,Yes,No,3,31000
Town Hall,Apartment,1,1,798,14,16,Yes,Yes,No,4,28000
Ganginar Par,Studio,1,1,370,2,12,No,Yes,Yes,6,14500
Kachijhuli,Apartment,3,2,902,5,6,No,No,Yes,4,25500
Ganginar Par,Apartment,4,4,1655,3,8,No,No,Yes,17,36000
Charpara,Apartment,2,2,1110,7,9,Yes,No,Yes,8,36500
Shehora,House,3,3,2132,1,6,No,No,Yes,16,34000
Charpara,House,3,2,1882,4,5,No,Yes,Yes,2,47500
Kachijhuli,House,4,4,1132,5,6,Yes,No,No,5,40500
Sankipara,Apartment,3,3,1429,2,7,No,Yes,Yes,11,32000
Shehora,Apartment,3,4,1487,3,4,No,Yes,Yes,8,32000
Notun Bazar,Apartment,3,3,1581,1,4,No,Yes,Yes,9,32500
Charpara,Studio,1,1,517,6,6,No,No,No,4,13000
Charpara,Apartment,4,3,1583,10,10,No,Yes,Yes,3,40000
Kewatkhali,Apartment,2,1,676,4,5,No,No,No,1,12000
Akua,Apartment,4,3,1439,1,5,No,No,Yes,1,25000
Shehora,House,4,4,1923,7,7,No,No,Yes,1,37500
Notun Bazar,Studio,1,1,525,9,9,No,Yes,No,3,14500
Charpara,Studio,1,1,505,6,6,No,Yes,No,17,14000
Ganginar Par,Apartment,3,2,1142,7,9,No,Yes,Yes,7,29000
Notun Bazar,House,3,3,1292,1,14,No,Yes,Yes,13,30500
Charpara,Apartment,4,4,1973,1,9,No,No,Yes,0,45500
Charpara,Duplex,6,6,3087,9,9,No,No,Yes,10,75000
Charpara,House,5,5,1066,3,6,No,Yes,No,13,33000
Sankipara,Apartment,2,3,952,4,12,No,No,Yes,4,22000
Kachijhuli,Apartment,2,2,1221,5,7,No,Yes,No,3,34000
Sankipara,House,4,4,1357,1,5,No,No,No,2,27500
Sankipara,Apartment,3,3,1441,4,4,No,Yes,No,3,30500
Panditpara,Apartment,3,2,1337,4,7,No,No,Yes,14,26000
Panditpara,Duplex,5,6,1996,1,7,Yes,No,Yes,4,53500
Maskanda,Duplex,5,6,2372,1,6,No,Yes,Yes,0,50000
Charpara,Duplex,6,6,2614,4,6,No,No,Yes,14,67000
Charpara,Apartment,4,3,1528,1,10,No,Yes,Yes,3,36500
Charpara,Apartment,1,1,641,4,5,No,No,No,0,15500
Sankipara,Apartment,3,3,1701,7,10,No,Yes,No,15,30000
Maskanda,Apartment,2,2,1195,4,8,No,Yes,Yes,1,24000
Charpara,Apartment,3,3,1916,5,5,No,Yes,Yes,0,52000
Maskanda,Apartment,3,3,1727,3,5,No,Yes,Yes,2,38000
Ganginar Par,Apartment,4,4,1460,3,6,No,Yes,Yes,30,34500
Kachijhuli,Apartment,2,2,1301,1,7,No,No,Yes,10,28000
Maskanda,Apartment,3,2,998,1,8,No,No,Yes,18,17500
Notun Bazar,House,3,3,1470,4,8,No,No,No,12,28000
Notun Bazar,Apartment,3,4,1529,4,7,No,Yes,Yes,6,37000
Kewatkhali,House,4,3,1242,3,7,Yes,Yes,Yes,0,39000
Akua,Studio,1,1,414,1,7,Yes,No,Yes,2,14000
Akua,Apartment,4,3,1623,7,12,No,Yes,Yes,9,31000
Ganginar Par,Studio,1,1,489,6,8,Yes,Yes,No,0,22000
Shehora,Duplex,6,6,2171,10,10,No,No,Yes,3,51500
Notun Bazar,House,4,3,1875,3,7,Yes,Yes,Yes,5,54500
Shehora,Studio,1,1,317,1,9,No,No,No,0,7000
Kachijhuli,Apartment,2,3,1196,1,14,No,Yes,No,6,28500
Kachijhuli,Apartment,1,1,564,7,10,Yes,Yes,Yes,22,20500
Panditpara,Apartment,4,3,1508,4,4,No,No,Yes,12,30500
Shehora,Apartment,2,1,738,6,6,No,No,Yes,12,15500
Kachijhuli,Apartment,2,1,723,3,4,No,No,Yes,8,18000
Notun Bazar,Apartment,2,3,947,3,5,No,No,Yes,7,21000
Kewatkhali,Apartment,3,3,1232,2,14,Yes,Yes,Yes,0,38000
Shehora,Duplex,5,6,2490,1,6,Yes,Yes,Yes,2,78500
Shehora,Apartment,3,2,1151,4,5,No,Yes,Yes,3,29000
Akua,House,3,3,1496,6,8,No,Yes,No,12,28500
Town Hall,Studio,1,1,538,2,5,No,No,Yes,3,13000
Maskanda,Apartment,4,3,1425,3,4,No,No,Yes,2,28500
Panditpara,Apartment,3,2,1016,6,6,No,Yes,Yes,2,26500
Sankipara,Apartment,2,3,1236,2,5,No,Yes,Yes,9,28000
Kachijhuli,Apartment,2,2,869,4,10,No,No,Yes,9,22500
Ganginar Par,Apartment,3,2,1378,2,12,No,Yes,Yes,4,33500
Shehora,Studio,1,1,439,7,7,No,Yes,Yes,4,12500
Kachijhuli,House,3,3,2246,3,6,Yes,Yes,Yes,1,80500
Sankipara,Apartment,3,3,986,1,6,No,No,Yes,3,22000
Charpara,Studio,1,1,398,1,9,No,No,No,18,9000
Sankipara,Studio,1,1,497,3,6,No,No,Yes,12,11000
Town Hall,House,4,4,1444,6,7,No,Yes,Yes,1,39500
Kachijhuli,Apartment,4,3,1566,2,8,No,No,No,1,38000
Ganginar Par,Apartment,3,4,1465,8,9,No,Yes,Yes,0,39000
Town Hall,Apartment,3,3,1639,8,8,Yes,Yes,Yes,1,48000
Kachijhuli,Apartment,4,3,1554,1,6,Yes,Yes,Yes,13,44500
Notun Bazar,Apartment,3,2,1257,1,6,Yes,No,Yes,5,34500
Town Hall,Apartment,2,2,1064,5,9,No,Yes,Yes,0,29000
Maskanda,Apartment,3,2,831,9,16,No,Yes,No,0,19500
Shehora,Apartment,3,2,909,4,6,Yes,No,Yes,1,29500
Shehora,Studio,1,1,432,14,14,No,No,No,8,8500
Kachijhuli,Studio,1,1,472,8,10,Yes,Yes,Yes,1,21500
Kewatkhali,Apartment,3,4,1408,6,6,No,Yes,Yes,27,26000
Shehora,Apartment,3,3,1685,1,9,Yes,No,Yes,0,44000
Akua,Apartment,3,2,891,3,6,Yes,No,Yes,6,25000
Kewatkhali,Apartment,3,3,1609,5,6,No,Yes,No,1,31000
Maskanda,Apartment,3,3,950,3,6,No,No,Yes,13,20000
Town Hall,Apartment,3,2,1237,3,4,Yes,Yes,Yes,21,38500
Ganginar Par,Studio,1,1,470,3,9,Yes,No,Yes,1,17500
Shehora,Studio,1,1,389,7,7,Yes,No,Yes,2,14500
Choto Bazar,Studio,1,1,383,2,4,No,No,Yes,1,10000
Town Hall,Apartment,3,2,1378,9,9,No,Yes,Yes,0,32500
Ganginar Par,Apartment,3,3,1101,4,14,No,No,Yes,8,28000
Kachijhuli,Apartment,3,3,1479,1,7,Yes,No,Yes,12,43000
Panditpara,Apartment,3,2,1021,2,4,Yes,No,Yes,4,32500
Ganginar Par,Apartment,3,4,1446,3,5,No,No,Yes,7,33500
Notun Bazar,Apartment,2,2,1256,7,7,No,No,Yes,25,21000
Kachijhuli,Duplex,6,6,1800,2,6,No,Yes,Yes,0,61500
Notun Bazar,Apartment,3,3,879,4,6,No,No,Yes,0,23500
Sankipara,Apartment,3,2,1073,5,5,No,No,Yes,9,21500
Ganginar Par,Apartment,3,2,801,2,5,No,No,Yes,3,20000
Ganginar Par,Apartment,3,3,1625,3,7,Yes,Yes,Yes,0,53000
Charpara,House,3,3,1400,4,16,No,No,Yes,4,37000
Panditpara,Apartment,4,4,1520,6,7,Yes,No,Yes,2,43000
Kewatkhali,Apartment,3,3,1637,4,6,No,Yes,No,3,30500
Maskanda,Apartment,3,2,979,4,6,No,No,Yes,7,19000
Charpara,Apartment,3,2,1159,5,5,No,Yes,Yes,0,32000
Panditpara,Apartment,3,2,895,5,7,No,No,Yes,9,19500
Charpara,Apartment,3,3,1130,6,7,No,Yes,Yes,4,34000
Town Hall,Apartment,2,2,1077,1,5,No,No,Yes,14,20500
Kachijhuli,Apartment,3,2,1307,2,6,No,Yes,Yes,1,40000
Ganginar Par,House,3,3,1795,1,5,No,No,Yes,13,36500
Maskanda,Duplex,6,7,2044,4,4,No,No,Yes,7,44500
Shehora,Apartment,2,2,1024,5,7,No,Yes,Yes,0,27000
Kachijhuli,Apartment,3,3,926,2,8,No,No,Yes,1,28000
Kachijhuli,Apartment,2,3,1029,3,4,No,Yes,Yes,2,30500
Charpara,House,4,4,1606,8,8,No,No,Yes,0,40000
Maskanda,Apartment,2,1,746,4,6,No,No,Yes,2,15000
Sankipara,House,4,4,1888,4,7,No,No,Yes,8,36000
Charpara,Apartment,3,3,1742,4,6,Yes,Yes,Yes,1,61000
Sankipara,House,3,3,1776,2,5,No,Yes,Yes,14,34000
Sankipara,Apartment,3,2,945,1,4,No,No,Yes,10,18500
Choto Bazar,Apartment,3,2,895,4,6,No,No,Yes,18,17000
Kachijhuli,Apartment,3,2,1218,6,7,No,Yes,Yes,0,34000
Sankipara,House,4,4,1822,2,8,No,Yes,Yes,5,42500
Ganginar Par,Apartment,3,3,1282,1,6,No,Yes,Yes,2,33000
Ganginar Par,Apartment,3,3,1165,5,6,No,No,Yes,7,29500
Ganginar Par,Apartment,2,2,1328,1,5,No,Yes,Yes,2,29000
Charpara,Apartment,4,3,1702,6,10,No,No,Yes,5,41000
Kachijhuli,Apartment,2,3,1254,2,5,Yes,Yes,Yes,0,46500
Shehora,Studio,1,1,498,2,6,No,Yes,Yes,2,14500
Ganginar Par,Apartment,3,2,1387,3,10,No,Yes,Yes,3,34500
Charpara,Studio,1,1,326,3,10,No,No,No,5,9000
Town Hall,Apartment,4,4,1483,4,5,No,No,Yes,4,38000
Choto Bazar,Apartment,2,3,1227,4,7,No,Yes,Yes,1,26500
Sankipara,House,3,3,1379,6,6,No,No,Yes,4,33000
Charpara,Studio,1,1,383,4,10,Yes,No,No,1,16000
Kachijhuli,House,4,3,1695,9,10,No,Yes,Yes,3,48500
Sankipara,Apartment,3,3,1082,5,8,No,No,Yes,3,25500
Town Hall,Apartment,4,3,1882,2,7,Yes,Yes,Yes,2,63500
Shehora,Apartment,4,4,1478,4,5,No,Yes,Yes,1,36500
Maskanda,Apartment,4,3,1548,8,8,No,Yes,Yes,4,31000
Ganginar Par,Studio,1,1,377,6,7,No,Yes,No,4,12500
Akua,House,3,3,1488,4,5,Yes,Yes,Yes,11,42000
Kachijhuli,Apartment,3,4,1511,1,12,No,No,Yes,12,32000
Town Hall,Apartment,2,2,1155,10,14,No,No,No,1,25500
Choto Bazar,Apartment,3,3,1183,5,5,No,No,Yes,18,22000
Shehora,Apartment,2,2,1036,1,6,No,Yes,Yes,8,21000
Town Hall,House,4,3,2333,4,5,No,Yes,Yes,4,50500
Kewatkhali,Apartment,3,2,1153,7,7,No,Yes,Yes,5,23500
Ganginar Par,Apartment,3,2,1342,3,4,No,No,Yes,3,29000
Maskanda,Apartment,3,3,1388,4,9,No,Yes,Yes,11,28500
Maskanda,Apartment,2,3,1058,6,6,No,Yes,Yes,0,26000
Maskanda,Studio,1,1,413,6,6,No,No,Yes,5,8500
Choto Bazar,Apartment,3,3,1000,2,5,No,Yes,Yes,6,24500
Kachijhuli,Apartment,2,2,916,7,8,No,No,Yes,5,23000
Kachijhuli,Apartment,3,4,1499,5,7,No,Yes,Yes,0,45000
Kachijhuli,House,4,3,1650,1,4,No,Yes,Yes,0,45000
Ganginar Par,Apartment,4,3,1439,1,5,No,Yes,Yes,3,32000
Charpara,Apartment,3,2,1295,5,5,No,Yes,Yes,19,34000
Charpara,Apartment,4,3,1515,4,6,No,No,Yes,10,37000
Town Hall,Apartment,4,4,1709,5,6,No,Yes,Yes,0,50000
Town Hall,Apartment,2,2,1272,3,4,Yes,Yes,No,15,35500
Kachijhuli,Apartment,4,3,1531,10,16,No,Yes,Yes,2,39000
Charpara,Apartment,3,2,952,3,8,No,No,Yes,1,24500
Panditpara,Studio,1,1,534,1,6,No,No,No,2,10500
Kewatkhali,Apartment,2,2,1174,3,5,Yes,No,Yes,19,27000
Maskanda,Apartment,3,3,909,4,7,Yes,No,Yes,1,29500
Town Hall,Apartment,4,4,1628,1,7,Yes,Yes,Yes,0,53000
Notun Bazar,Apartment,3,3,873,1,4,No,No,Yes,12,18500
Charpara,Apartment,3,2,936,5,8,Yes,No,Yes,4,35000
Kachijhuli,Apartment,3,3,1501,5,7,No,Yes,Yes,5,40000
Charpara,Apartment,3,2,1153,5,5,No,No,Yes,2,31500
Town Hall,Apartment,3,3,1529,4,5,No,No,Yes,1,34000
Maskanda,Apartment,2,2,1083,4,6,No,No,Yes,8,20500
Kachijhuli,Apartment,4,3,1498,1,5,No,No,No,6,38000
Sankipara,Apartment,3,2,1349,8,8,No,No,Yes,7,23500
Town Hall,Apartment,4,3,1410,1,6,Yes,No,Yes,6,43000
Town Hall,Apartment,3,3,947,5,9,No,No,Yes,7,23000
Charpara,Apartment,3,2,1226,5,6,No,No,Yes,12,31000
Sankipara,Apartment,3,2,977,5,6,No,Yes,No,2,24500
Ganginar Par,Apartment,3,2,1037,4,4,No,Yes,Yes,5,29500
Choto Bazar,Apartment,3,2,1337,7,9,No,Yes,Yes,2,30500
Shehora,Apartment,3,2,1230,4,6,Yes,Yes,Yes,1,40000
Shehora,Apartment,2,2,1093,3,6,No,Yes,Yes,24,19500
Maskanda,Apartment,2,2,1131,5,12,No,No,Yes,12,19500
Kachijhuli,Apartment,3,3,1380,3,7,Yes,Yes,Yes,15,47000
Notun Bazar,House,3,2,1932,6,8,No,Yes,Yes,16,35000
Akua,Studio,1,1,547,3,10,Yes,No,Yes,3,19000
Town Hall,Apartment,2,1,708,2,9,Yes,No,Yes,0,25500
Akua,Apartment,2,3,1301,5,6,No,No,No,1,23500
Sankipara,Apartment,2,2,1376,6,6,No,Yes,Yes,10,26500
Akua,Apartment,4,3,1661,4,8,No,Yes,Yes,20,29000
Shehora,Apartment,3,2,1108,9,12,Yes,Yes,Yes,14,32500
Choto Bazar,Studio,1,1,475,2,6,No,Yes,No,1,12500
Ganginar Par,Apartment,3,3,1652,2,10,Yes,Yes,Yes,8,48500
Kachijhuli,Apartment,2,1,631,6,7,No,Yes,Yes,13,19000
Kewatkhali,Apartment,4,4,1576,5,8,No,Yes,Yes,3,35500
Ganginar Par,Apartment,3,2,1048,5,14,Yes,Yes,Yes,5,35500
Kewatkhali,Apartment,2,3,817,6,8,Yes,No,Yes,4,25000
Charpara,Apartment,4,4,1454,6,9,No,Yes,No,13,39000
Ganginar Par,Apartment,3,2,1213,15,16,No,No,Yes,3,29000
Town Hall,Studio,1,1,371,5,9,Yes,Yes,No,17,18500
Panditpara,House,3,3,900,8,14,No,Yes,Yes,13,22500
Town Hall,Apartment,2,3,982,1,5,No,Yes,No,1,23500
Akua,Studio,1,1,406,3,6,No,Yes,Yes,0,12500
Ganginar Par,Apartment,3,3,867,7,8,Yes,No,Yes,29,25500
Shehora,House,3,3,1269,1,6,Yes,Yes,Yes,10,36000
Sankipara,Studio,1,1,422,8,10,No,No,Yes,1,9500
Notun Bazar,House,5,4,1841,3,7,Yes,No,Yes,1,60500
Charpara,Apartment,3,3,1080,1,9,No,Yes,No,5,30000
Sankipara,Duplex,6,7,2734,2,4,Yes,Yes,Yes,2,87000
Maskanda,Apartment,3,4,1515,1,6,No,Yes,Yes,1,26500
Ganginar Par,Apartment,2,3,1180,2,7,No,Yes,Yes,0,30500
Ganginar Par,Apartment,3,2,1323,9,14,No,Yes,Yes,0,31000
Kewatkhali,Studio,1,1,427,8,9,No,No,No,0,8000
Charpara,Apartment,3,4,1406,3,6,No,No,Yes,10,33500
Charpara,Apartment,3,2,1097,5,7,No,No,Yes,3,28000
Kachijhuli,Apartment,4,3,1592,7,8,No,No,Yes,0,38000
Ganginar Par,Apartment,2,2,1187,1,10,Yes,Yes,Yes,1,36500
Town Hall,Apartment,3,3,1214,1,7,Yes,No,Yes,1,36500
Choto Bazar,Apartment,3,4,1483,5,8,No,Yes,Yes,0,34000
Town Hall,House,5,4,1175,6,8,No,No,Yes,0,38500
Kewatkhali,Apartment,3,2,1366,3,5,No,Yes,No,6,24500
Sankipara,Apartment,2,3,1165,1,4,No,No,Yes,7,21500
Kachijhuli,Apartment,2,2,800,4,4,No,Yes,No,6,24500
Panditpara,Apartment,4,3,1565,5,8,Yes,Yes,Yes,0,47500
Choto Bazar,Apartment,2,2,1009,4,5,Yes,Yes,Yes,0,33000
Notun Bazar,Apartment,3,2,1348,1,5,No,Yes,Yes,5,28500
Notun Bazar,Studio,1,1,516,3,5,Yes,No,Yes,0,18500
Sankipara,Apartment,3,2,845,3,4,No,No,Yes,4,19000
Kachijhuli,Apartment,3,3,961,1,4,Yes,Yes,Yes,5,33000
Kachijhuli,Apartment,2,3,1022,5,8,No,Yes,Yes,1,30000
Kachijhuli,Apartment,3,4,1824,3,10,No,No,Yes,12,41000
Akua,Apartment,3,2,1020,2,12,No,Yes,Yes,2,24500
Town Hall,Apartment,3,4,1815,6,6,No,Yes,Yes,0,43500
Notun Bazar,Studio,1,1,341,3,8,No,No,No,21,6500
Ganginar Par,Apartment,3,3,1530,2,4,Yes,No,Yes,0,47000
Choto Bazar,Apartment,2,2,1254,1,4,Yes,Yes,Yes,0,33000
Ganginar Par,Apartment,2,2,1115,6,7,No,Yes,Yes,7,25000
Town Hall,Apartment,3,2,1250,3,7,No,Yes,Yes,5,31500
Kachijhuli,Studio,1,1,512,2,5,Yes,No,Yes,10,20000
Maskanda,Apartment,3,2,1091,8,10,No,No,Yes,0,22000
Shehora,House,3,3,1888,6,6,No,Yes,Yes,8,36000
Sankipara,Apartment,2,1,500,4,8,No,No,Yes,4,12000
Ganginar Par,Duplex,6,7,2670,6,7,No,No,Yes,0,72000
Akua,Apartment,3,2,862,5,7,No,No,No,4,17500
Notun Bazar,Apartment,2,2,1121,3,8,No,Yes,Yes,8,26000
Shehora,Apartment,2,1,764,4,5,Yes,No,No,3,23000
Kewatkhali,Apartment,3,3,1180,4,6,No,No,No,0,23500
Kachijhuli,Duplex,4,4,3107,3,9,No,Yes,Yes,2,84500
Sankipara,House,4,4,1974,1,5,No,No,Yes,7,38500
Shehora,Apartment,3,3,1063,6,9,Yes,Yes,Yes,1,38000
Kachijhuli,Apartment,4,3,1768,2,5,Yes,Yes,Yes,6,61500
Charpara,Apartment,2,2,1006,3,6,No,No,Yes,7,23500
Kachijhuli,Apartment,4,3,1514,2,6,Yes,Yes,Yes,0,55500
Charpara,Apartment,3,2,1225,4,6,No,No,Yes,7,30500
Shehora,Apartment,3,2,1025,3,9,Yes,Yes,Yes,24,32500
Town Hall,Duplex,6,6,2647,7,7,No,No,Yes,9,66000
Maskanda,Apartment,3,3,1242,4,8,No,Yes,Yes,6,29500
Notun Bazar,Apartment,4,4,1508,8,8,Yes,No,Yes,0,41500
Shehora,Apartment,3,4,1436,1,4,No,Yes,Yes,1,31500
Charpara,Apartment,3,2,938,5,6,No,No,Yes,5,27000
Akua,Apartment,3,2,1216,3,9,No,Yes,Yes,4,26500
Town Hall,Apartment,3,3,1570,3,6,No,Yes,Yes,3,36500
Charpara,House,5,5,1211,1,14,Yes,Yes,Yes,21,38000
Town Hall,Apartment,3,3,1139,7,9,No,No,No,10,25500
Choto Bazar,Apartment,3,3,1418,5,8,No,No,Yes,1,30000
Charpara,Apartment,3,2,1116,1,4,Yes,Yes,Yes,1,39500
Town Hall,Apartment,3,2,1389,8,8,No,No,No,13,25000
Kachijhuli,Apartment,3,2,1189,1,8,No,Yes,No,0,29500
Town Hall,Duplex,6,7,2186,2,4,No,No,Yes,1,61000
Ganginar Par,Apartment,2,1,696,7,7,Yes,No,Yes,8,20500
Shehora,Apartment,3,3,1398,6,6,No,Yes,Yes,2,30500
Notun Bazar,Apartment,3,3,1775,10,10,No,Yes,Yes,4,38000
Kachijhuli,Apartment,4,3,1554,2,5,No,No,Yes,8,38500
Ganginar Par,Apartment,3,2,1215,16,16,Yes,Yes,Yes,1,41000
Charpara,Apartment,3,4,1525,7,12,No,Yes,Yes,10,37500
Akua,Studio,1,1,411,3,6,No,No,Yes,1,9000
Akua,Apartment,3,3,1122,3,6,No,Yes,Yes,13,24000
Town Hall,Apartment,3,2,948,8,9,No,No,Yes,1,24500
Shehora,Apartment,2,3,1241,1,5,No,No,Yes,8,20500
Shehora,House,4,3,1875,1,5,No,No,Yes,3,35500
Choto Bazar,Apartment,3,3,885,5,6,No,No,Yes,1,22000
Charpara,Duplex,6,6,2267,7,8,Yes,Yes,Yes,1,86000
Sankipara,Apartment,2,3,1221,7,9,No,Yes,Yes,6,27500
Sankipara,Studio,1,1,422,5,9,No,Yes,No,2,11500
Charpara,Apartment,4,3,1899,2,7,No,No,Yes,6,47500
Sankipara,Apartment,3,3,984,16,16,No,No,Yes,14,19500
Choto Bazar,Apartment,4,4,1430,2,5,Yes,Yes,Yes,9,44500
Notun Bazar,Apartment,3,2,1152,3,5,No,Yes,No,4,26000
Kachijhuli,Studio,1,1,390,7,7,Yes,Yes,No,10,16500
Sankipara,Apartment,3,3,1477,3,14,No,No,Yes,1,28500
Kachijhuli,Duplex,5,6,2366,4,8,No,No,Yes,16,64000
Akua,Studio,1,1,337,4,6,No,No,Yes,0,9000
Akua,Apartment,4,3,1607,2,6,No,No,Yes,9,27000
Akua,Apartment,2,3,1230,4,14,Yes,Yes,Yes,0,36000
Kewatkhali,Apartment,3,2,1116,5,9,No,Yes,Yes,0,25500
Notun Bazar,Apartment,3,3,1554,5,6,No,Yes,Yes,16,33500
Panditpara,Apartment,3,2,1298,5,8,No,No,Yes,5,26500
Town Hall,House,3,3,1920,6,7,No,No,No,1,45500
Town Hall,Apartment,2,3,1059,4,6,Yes,Yes,Yes,1,38000
Kachijhuli,Duplex,5,5,2607,1,8,No,Yes,Yes,5,66000
Ganginar Par,Apartment,2,3,1153,5,8,Yes,Yes,No,13,38000
Charpara,Apartment,4,3,1638,1,6,Yes,No,Yes,9,44000
Ganginar Par,Apartment,3,2,1289,5,5,No,Yes,Yes,4,29500
Shehora,Apartment,2,2,990,6,6,Yes,No,Yes,0,31000
Notun Bazar,Apartment,3,3,1033,4,6,Yes,Yes,Yes,18,33500
Akua,House,3,3,2410,5,6,No,Yes,Yes,7,43000
Maskanda,House,4,3,1057,1,5,Yes,Yes,No,11,34000
Shehora,House,4,3,1766,10,10,No,Yes,Yes,7,36000
Sankipara,Apartment,3,4,1599,1,8,No,Yes,Yes,4,31500
Charpara,Apartment,3,2,872,6,6,No,No,No,6,22000
Akua,House,3,2,1549,1,8,No,Yes,No,10,26500
Kachijhuli,House,3,3,1961,3,12,No,No,Yes,14,41500
Charpara,Apartment,2,2,1375,6,9,No,No,Yes,0,31000
Maskanda,Apartment,3,2,1014,3,4,No,Yes,Yes,1,25000
Sankipara,House,3,3,1556,4,4,Yes,No,Yes,4,49000
Kachijhuli,Apartment,3,2,1145,4,5,Yes,Yes,Yes,0,42500
Ganginar Par,Apartment,1,1,711,7,7,No,No,Yes,11,14500
Choto Bazar,Apartment,2,2,1318,1,7,Yes,No,Yes,8,31000
Maskanda,Apartment,3,3,1372,5,7,No,Yes,Yes,3,29000
Town Hall,Apartment,2,3,1335,6,7,No,Yes,Yes,8,33000
Kachijhuli,Apartment,3,3,917,1,8,Yes,No,No,1,30500
Kachijhuli,Apartment,3,2,996,1,8,No,Yes,Yes,5,27000
Charpara,Apartment,3,3,1582,5,5,No,No,Yes,2,33500
Town Hall,Studio,1,1,562,10,12,No,No,No,4,13000
Kachijhuli,Apartment,3,2,1356,5,6,No,No,Yes,0,33500
Charpara,Apartment,4,4,1490,6,6,Yes,Yes,Yes,0,54500
Ganginar Par,Apartment,3,2,1308,3,5,No,No,Yes,0,28500
Notun Bazar,Apartment,3,3,1043,8,14,No,Yes,No,14,22500
Kachijhuli,Apartment,3,3,1450,3,14,No,Yes,No,3,33500
Kachijhuli,Studio,1,1,324,5,5,No,No,No,9,10000
Charpara,Apartment,2,1,777,11,12,No,No,Yes,5,19000
Charpara,Apartment,4,3,1497,3,4,Yes,Yes,Yes,0,56500
Shehora,Apartment,3,2,998,2,6,No,No,Yes,2,24000
Town Hall,Apartment,3,2,1265,5,6,No,No,No,7,27500
Town Hall,House,4,4,1541,1,7,No,No,No,1,36500
Notun Bazar,Apartment,2,1,632,3,5,No,No,Yes,8,14000
Kachijhuli,Apartment,3,2,1076,1,10,No,No,Yes,1,23000
Kewatkhali,Apartment,3,4,1702,5,6,Yes,No,Yes,3,46000
Charpara,Apartment,3,3,1437,1,8,Yes,No,Yes,0,46500
Shehora,Studio,1,1,331,7,7,No,Yes,No,0,10500
Kachijhuli,House,3,3,1560,7,8,No,No,Yes,3,39000
Ganginar Par,Duplex,5,6,2678,1,8,No,No,Yes,1,58500
Charpara,Apartment,3,3,1036,1,6,No,No,Yes,5,26500
Charpara,House,3,3,1895,1,8,Yes,Yes,Yes,0,58000
Kachijhuli,Apartment,2,2,1166,6,8,No,No,Yes,4,27500
Shehora,Apartment,3,3,1075,1,8,No,Yes,Yes,4,26000
Akua,Duplex,5,6,3161,9,9,No,No,Yes,17,50000
Kachijhuli,Apartment,3,2,1199,1,5,Yes,No,No,7,36500
Sankipara,Apartment,4,4,1593,4,4,Yes,Yes,Yes,0,47500
Panditpara,Apartment,3,3,807,9,9,No,No,Yes,15,17500
Notun Bazar,Apartment,4,3,1586,5,6,Yes,No,Yes,19,41500
Panditpara,Apartment,3,3,1253,1,7,No,Yes,Yes,2,28000
Shehora,Apartment,2,3,1285,9,16,No,Yes,Yes,11,29000
Notun Bazar,Apartment,3,2,1394,1,8,No,Yes,Yes,1,32000
Charpara,Apartment,3,3,1501,1,6,No,Yes,Yes,0,35500
Sankipara,Apartment,2,2,1011,4,12,No,No,Yes,1,20500
Town Hall,Apartment,2,3,908,7,8,No,No,Yes,1,23000
Charpara,Apartment,4,4,1816,5,6,No,No,No,24,36500
Notun Bazar,Apartment,3,2,1007,3,6,Yes,No,Yes,8,32000
Charpara,Apartment,3,2,1226,9,9,No,No,Yes,7,28500
Shehora,Apartment,2,1,531,4,7,No,No,Yes,7,14000
Ganginar Par,Apartment,4,3,1484,5,7,No,Yes,Yes,11,36500
Charpara,Apartment,3,2,1101,5,5,No,Yes,Yes,5,29000
Shehora,Apartment,3,3,1061,1,5,No,No,Yes,1,22500
Town Hall,Apartment,3,2,1192,2,7,No,Yes,Yes,16,27500
Town Hall,Apartment,3,3,1314,2,6,No,No,Yes,0,36000
Kachijhuli,House,5,5,1859,9,12,No,Yes,Yes,6,53500
Town Hall,Apartment,3,2,915,8,8,No,Yes,Yes,1,26000
Ganginar Par,Apartment,3,2,1231,2,4,No,Yes,No,0,30000
Shehora,Apartment,3,2,1259,3,7,Yes,Yes,No,7,39000
Town Hall,Apartment,4,3,1427,6,6,Yes,No,Yes,17,44500
Town Hall,Apartment,4,3,1750,3,9,Yes,Yes,Yes,3,59500
Choto Bazar,Apartment,4,3,1431,1,5,No,Yes,Yes,0,30500
Charpara,Apartment,3,3,1604,1,4,No,No,Yes,2,38500
Kachijhuli,Apartment,3,2,1398,3,8,No,Yes,Yes,1,38500
Town Hall,Apartment,2,1,779,3,5,No,No,Yes,1,19000
Shehora,Apartment,3,2,1068,9,14,No,Yes,Yes,7,25500
Town Hall,Apartment,3,2,1286,6,6,No,No,No,11,28500
Charpara,House,4,4,1723,4,10,No,Yes,Yes,9,49000
Notun Bazar,Duplex,6,6,2682,12,12,No,Yes,Yes,5,62000
Panditpara,House,3,3,1535,4,12,Yes,Yes,Yes,2,45000
Kewatkhali,Apartment,3,3,1153,4,5,No,No,Yes,12,22000
Town Hall,Apartment,3,2,1227,2,5,No,No,No,12,26000
Sankipara,Apartment,3,2,896,1,5,No,Yes,Yes,4,20500
Choto Bazar,Apartment,3,3,989,4,4,No,No,Yes,5,20000
Ganginar Par,Apartment,2,2,1245,5,7,No,Yes,No,10,26500
Ganginar Par,Apartment,4,4,1575,5,5,Yes,No,No,1,51000
Maskanda,Apartment,3,3,1081,1,6,No,Yes,Yes,5,23500
Panditpara,House,3,3,1216,4,5,No,Yes,Yes,1,32000
Charpara,Apartment,3,2,1267,4,6,No,Yes,Yes,2,35500
Panditpara,Duplex,6,6,3162,6,9,No,No,Yes,2,68500
Charpara,Studio,1,1,484,5,5,No,No,Yes,5,14500
Town Hall,Studio,1,1,504,3,7,No,No,Yes,20,12000
Akua,Apartment,2,2,1271,4,9,No,No,Yes,6,23500
Town Hall,Apartment,2,1,764,2,4,No,No,Yes,0,18500
Ganginar Par,House,4,4,2264,7,7,Yes,Yes,No,12,61500
Sankipara,House,3,3,1572,4,7,No,Yes,Yes,6,35000
Akua,Apartment,4,3,1652,1,9,No,Yes,Yes,1,32500
Kewatkhali,Apartment,3,3,1067,2,7,Yes,Yes,Yes,0,37500
Kachijhuli,Apartment,3,3,1346,6,6,No,No,Yes,2,35000
Charpara,Apartment,3,3,976,14,14,No,No,Yes,12,23000
Kewatkhali,Apartment,3,2,1018,1,7,Yes,No,Yes,3,24000
Choto Bazar,House,4,4,1932,4,7,No,No,Yes,2,41500
Town Hall,Apartment,2,2,1353,4,7,No,No,Yes,1,32000
Charpara,Apartment,3,2,905,3,6,No,Yes,Yes,13,25500
Akua,Apartment,3,2,1254,3,14,Yes,No,No,7,32000
Charpara,Apartment,3,2,1170,4,6,No,Yes,Yes,10,30000
Ganginar Par,Studio,1,1,607,1,8,Yes,No,Yes,5,19000
Panditpara,Duplex,4,5,2337,4,10,No,Yes,Yes,14,46000
Shehora,Apartment,3,2,1023,5,7,No,Yes,No,2,25000
Shehora,Duplex,5,5,2164,2,8,No,No,Yes,2,49500
Akua,Apartment,2,1,500,4,5,No,No,Yes,7,11000
Shehora,Apartment,3,3,1119,3,7,No,Yes,Yes,0,27000
Panditpara,Apartment,2,3,1334,2,8,No,Yes,Yes,6,31000
Sankipara,Studio,1,1,361,2,6,No,No,No,0,8000
Charpara,Apartment,3,3,1057,3,5,No,Yes,Yes,6,33500
Town Hall,Apartment,3,3,1282,3,5,No,Yes,Yes,5,34000
Maskanda,Apartment,4,4,1422,9,9,Yes,No,No,7,40500
Sankipara,Apartment,4,3,1440,1,6,No,Yes,Yes,2,29500
Charpara,Apartment,4,3,1743,5,5,No,Yes,Yes,4,43000
Kachijhuli,Studio,1,1,404,13,16,Yes,Yes,Yes,0,21500
Panditpara,Studio,1,1,489,9,12,No,No,No,13,8500
Sankipara,Apartment,3,3,800,4,8,No,Yes,Yes,0,25500
Sankipara,Apartment,3,2,1205,6,6,No,No,Yes,0,26000
Town Hall,House,5,5,1548,4,4,No,Yes,Yes,3,46500
Kachijhuli,Apartment,3,3,1180,6,7,Yes,Yes,Yes,7,41000
Notun Bazar,Apartment,3,3,1593,5,7,No,Yes,Yes,3,34000
Kewatkhali,Apartment,3,2,1231,3,10,Yes,Yes,Yes,4,37500
Maskanda,Apartment,4,3,1594,11,14,No,Yes,Yes,8,33500
Akua,Apartment,3,2,974,1,7,No,No,Yes,7,18000
Sankipara,Apartment,4,4,1508,4,6,Yes,Yes,Yes,12,42500
Town Hall,Apartment,2,2,1172,4,6,No,Yes,Yes,15,26500
Shehora,Apartment,3,2,1329,8,10,Yes,No,No,1,39500
Town Hall,Apartment,3,2,951,3,6,No,No,Yes,2,23000
Panditpara,Apartment,3,2,997,2,8,No,No,Yes,0,23000
Ganginar Par,Apartment,3,2,1088,6,8,Yes,No,Yes,4,34500
Akua,Apartment,3,2,1227,7,7,No,Yes,Yes,15,21500
Panditpara,Apartment,3,2,1353,4,8,No,No,Yes,15,24000
Maskanda,Apartment,4,3,1546,2,14,No,No,Yes,0,32000
Ganginar Par,House,4,3,2318,1,7,No,Yes,Yes,0,52500
Panditpara,Duplex,5,5,2262,2,7,Yes,No,Yes,8,66500
Notun Bazar,Duplex,5,6,2420,6,6,No,Yes,Yes,1,65000
Charpara,Apartment,3,2,968,1,4,No,No,Yes,11,23000
Charpara,Apartment,3,3,1162,3,6,Yes,Yes,Yes,5,42500
Shehora,House,4,3,2145,1,7,Yes,Yes,Yes,3,56500
Maskanda,Apartment,3,3,1686,2,7,No,Yes,Yes,9,29500
Charpara,Apartment,3,3,1531,4,6,Yes,No,No,4,44500
Kachijhuli,Apartment,3,3,1590,7,8,Yes,Yes,Yes,5,53500
Shehora,Duplex,4,5,2168,8,12,No,No,Yes,4,46000
Notun Bazar,Apartment,3,2,1020,3,5,No,No,Yes,3,24000
Panditpara,Apartment,3,4,1492,2,14,Yes,No,Yes,4,45000
Kewatkhali,Apartment,3,3,1142,1,6,No,Yes,Yes,9,22000
Charpara,House,3,3,2039,4,10,No,Yes,Yes,1,55500
Shehora,House,4,4,2027,2,9,No,No,Yes,15,35500
Charpara,Apartment,3,2,1044,5,9,No,Yes,Yes,9,26500
Notun Bazar,Apartment,3,2,1381,5,5,No,No,Yes,4,29500
Notun Bazar,Duplex,6,6,2452,5,9,No,Yes,Yes,2,59000
Sankipara,Apartment,3,2,1062,6,7,No,Yes,Yes,4,25000
Sankipara,Apartment,2,1,718,4,10,No,Yes,Yes,21,16000
Kewatkhali,Apartment,3,2,1140,2,8,No,Yes,Yes,5,23000
Town Hall,Apartment,3,3,1040,2,5,No,Yes,Yes,2,30500
Notun Bazar,Apartment,3,2,1257,3,6,No,Yes,Yes,6,29000
Panditpara,Duplex,4,4,2883,4,4,No,Yes,Yes,0,57000
Sankipara,Apartment,2,2,1171,2,4,No,Yes,Yes,5,26000
Choto Bazar,House,4,4,1689,12,12,No,Yes,No,2,33000
Kachijhuli,House,3,3,1827,9,9,No,No,Yes,0,43500
Choto Bazar,Apartment,1,1,641,1,6,No,No,Yes,0,11500
Notun Bazar,Apartment,3,2,1342,9,9,No,Yes,No,1,26500
Notun Bazar,House,4,4,1797,2,7,No,Yes,No,9,44000
Choto Bazar,Apartment,3,3,1560,8,9,No,Yes,Yes,22,25500
Charpara,Apartment,2,3,1284,2,7,No,Yes,Yes,2,36500
Akua,House,4,3,1259,11,12,No,Yes,Yes,1,30000
Town Hall,Apartment,3,3,1494,2,5,No,Yes,Yes,7,35500
Kachijhuli,Apartment,1,1,792,9,12,No,No,No,9,16500
Maskanda,Apartment,2,1,672,7,8,No,No,Yes,8,13500
Panditpara,Apartment,3,2,1357,5,7,Yes,Yes,Yes,4,43500
Notun Bazar,Apartment,3,2,1193,4,5,No,No,No,2,27000
Kachijhuli,Apartment,3,2,1375,5,7,Yes,No,Yes,6,44500
Akua,Apartment,3,2,1292,4,4,No,Yes,Yes,2,25500
Akua,Apartment,2,3,926,4,4,No,No,Yes,6,19000
Sankipara,Apartment,3,3,978,2,5,No,No,Yes,10,21000
Sankipara,Apartment,3,3,1277,6,6,Yes,No,Yes,0,36000
Notun Bazar,Apartment,2,2,1216,1,5,No,Yes,Yes,5,27000
Kachijhuli,Studio,1,1,409,4,6,Yes,No,No,4,17000
Notun Bazar,Studio,1,1,501,1,7,No,No,Yes,7,11500
Town Hall,House,3,3,942,8,8,No,No,No,9,22500
Charpara,Apartment,3,3,1241,5,8,No,No,No,0,31500
Kachijhuli,Apartment,3,2,904,2,4,No,No,Yes,5,23500
Ganginar Par,Duplex,4,4,1950,3,7,Yes,No,Yes,1,71000
Kewatkhali,Apartment,3,3,1403,5,10,Yes,No,Yes,1,40500
Kewatkhali,Studio,1,1,592,3,8,No,Yes,No,3,14000
Akua,Apartment,2,2,892,4,7,No,No,No,9,14500
Town Hall,House,3,3,2135,6,7,No,Yes,Yes,1,54500
Notun Bazar,Apartment,3,3,1275,5,6,No,No,Yes,7,30000
Town Hall,Apartment,2,2,1381,1,6,No,Yes,No,1,29000
Charpara,Apartment,2,2,1018,2,7,No,No,Yes,1,23000
Charpara,Apartment,3,2,1328,1,6,No,Yes,No,5,31500
Kachijhuli,Apartment,3,2,909,1,4,Yes,No,Yes,1,31500
Notun Bazar,Apartment,3,2,1238,1,10,No,No,Yes,6,25000
Charpara,Apartment,3,2,1220,3,8,No,Yes,Yes,12,30000
Charpara,Apartment,3,3,1115,2,5,No,No,Yes,8,27500
Town Hall,House,3,3,1891,3,6,No,Yes,Yes,2,46500
Kachijhuli,Apartment,3,3,1493,4,6,No,No,Yes,1,39500
Panditpara,Apartment,3,4,1602,4,8,Yes,No,Yes,0,46500
Town Hall,Apartment,3,3,1698,6,9,No,Yes,Yes,5,40000
Sankipara,Apartment,3,3,1734,2,6,Yes,No,No,0,47500
Sankipara,Duplex,5,5,2463,4,7,No,Yes,Yes,14,53500
Charpara,Studio,1,1,522,4,6,No,No,No,3,14000
Notun Bazar,Apartment,3,2,871,6,7,No,Yes,Yes,9,24000
Shehora,Apartment,2,3,1207,1,8,Yes,No,No,1,32500
Town Hall,House,3,3,1112,1,5,No,Yes,Yes,8,30500
Shehora,Apartment,3,3,988,5,9,No,Yes,No,3,26000
Kachijhuli,Apartment,3,2,1298,1,7,No,Yes,Yes,0,33500
Ganginar Par,Apartment,2,2,898,7,7,No,No,No,6,18000
Charpara,Apartment,3,2,1315,5,8,No,No,Yes,30,28000
Shehora,Apartment,3,2,1188,8,12,No,No,Yes,3,23500
Ganginar Par,Apartment,3,3,1408,4,4,No,Yes,Yes,2,37500
Notun Bazar,Studio,1,1,398,1,5,No,Yes,Yes,0,12500
Panditpara,Apartment,3,2,1175,5,6,No,Yes,Yes,1,28000
Town Hall,Apartment,4,4,1556,1,6,No,Yes,Yes,4,36500
Choto Bazar,Studio,1,1,458,3,8,No,No,No,12,8000
Choto Bazar,House,4,4,1727,2,4,Yes,Yes,Yes,0,51000
Notun Bazar,Apartment,3,3,1423,2,6,No,No,Yes,1,31500
Panditpara,Studio,1,1,453,1,5,No,No,No,13,8000
Charpara,Duplex,5,6,2340,3,7,Yes,Yes,Yes,5,87000
Kachijhuli,Apartment,3,2,851,5,7,No,No,Yes,1,22500
Panditpara,Studio,1,1,552,4,4,Yes,No,No,0,19500
Sankipara,Apartment,2,2,1241,2,4,Yes,No,Yes,4,33500
Town Hall,Apartment,2,2,932,6,6,No,No,Yes,11,22500
Ganginar Par,Apartment,4,4,1536,5,8,No,Yes,Yes,2,39000
Kachijhuli,Apartment,1,1,753,1,9,No,No,Yes,1,15000
Charpara,Apartment,3,3,1029,1,6,No,Yes,Yes,6,29000
Maskanda,House,4,4,900,2,4,Yes,No,Yes,1,32500
Notun Bazar,Apartment,2,2,966,2,4,No,No,No,1,19000
Notun Bazar,House,3,2,1814,3,12,No,Yes,Yes,11,36500
Charpara,Duplex,4,5,2816,2,8,No,No,Yes,0,74500
Notun Bazar,Apartment,3,2,1027,5,9,No,No,Yes,18,21500
Akua,Apartment,1,1,795,2,4,No,Yes,Yes,5,16500
Charpara,House,4,4,1908,8,9,Yes,Yes,Yes,5,65500
Charpara,Apartment,3,2,1167,8,10,No,No,Yes,2,30500
Charpara,House,3,3,1666,1,8,No,Yes,Yes,8,39500
Ganginar Par,Apartment,3,4,1759,2,9,No,No,Yes,2,39500
Kachijhuli,Studio,1,1,402,4,8,No,No,Yes,2,12000
Ganginar Par,Apartment,3,4,1624,4,9,No,Yes,Yes,2,37000
Kachijhuli,House,4,3,2028,5,5,No,No,Yes,1,51000
Shehora,Apartment,3,4,1814,8,9,No,Yes,Yes,1,39500
Ganginar Par,Duplex,4,4,2343,11,12,No,No,Yes,17,48500
Charpara,Apartment,2,3,1184,4,6,No,No,Yes,21,26500
Ganginar Par,Apartment,3,3,1185,4,7,No,Yes,Yes,0,31500
Panditpara,Apartment,3,2,1057,2,4,No,Yes,Yes,1,24500
Notun Bazar,Apartment,3,2,1266,8,10,No,Yes,No,2,26500
Town Hall,House,3,2,1341,6,8,Yes,No,Yes,6,48500
Choto Bazar,Studio,1,1,495,5,7,No,No,No,0,9500
Akua,Studio,1,1,527,1,5,Yes,Yes,No,9,16500
Sankipara,House,5,4,1434,4,4,No,No,Yes,5,32000
Charpara,Apartment,1,1,500,11,12,Yes,No,Yes,3,19000
Maskanda,Studio,1,1,436,4,4,Yes,No,Yes,9,15500
Charpara,Duplex,4,5,3176,1,5,No,No,Yes,4,76500
Notun Bazar,Apartment,3,2,1331,1,10,No,No,No,5,25500
Town Hall,Apartment,3,3,1647,2,7,No,Yes,Yes,7,36000
Town Hall,Duplex,4,4,2262,1,5,No,Yes,Yes,9,51000
Choto Bazar,Apartment,2,2,860,5,8,No,Yes,Yes,6,20500
Sankipara,Apartment,3,2,935,1,4,No,Yes,Yes,2,22500
Maskanda,Apartment,4,4,1715,2,8,No,Yes,Yes,0,38000
Notun Bazar,Studio,1,1,463,3,5,No,No,Yes,8,11000
Charpara,Duplex,4,4,2797,2,7,Yes,Yes,Yes,22,83000
Shehora,Studio,1,1,472,4,8,No,No,No,1,11000
Sankipara,Studio,1,1,599,1,8,No,No,No,18,9500
Kewatkhali,Duplex,6,7,2300,5,12,No,No,Yes,7,46500
Charpara,Apartment,3,2,1145,3,10,Yes,No,Yes,7,40500
Panditpara,House,5,5,2036,1,8,Yes,No,Yes,5,53000
Town Hall,Apartment,3,2,849,3,9,No,No,No,8,22000
Town Hall,House,4,3,1582,5,6,No,Yes,No,0,43000
Kachijhuli,Apartment,3,3,1642,5,5,No,Yes,Yes,13,37500
Maskanda,Apartment,3,3,1045,5,7,No,No,Yes,2,24000
Charpara,Apartment,3,2,1196,1,6,No,Yes,Yes,0,31500
Kachijhuli,Studio,1,1,388,5,7,No,No,No,2,10500
Shehora,Apartment,3,2,1347,1,6,Yes,Yes,Yes,9,38000
Shehora,House,4,4,1794,4,7,No,Yes,No,0,43000
Ganginar Par,Apartment,2,1,647,3,8,No,No,Yes,0,18000
Kachijhuli,Apartment,2,3,1016,12,12,No,Yes,Yes,1,27500
Notun Bazar,Apartment,4,3,1425,2,8,No,Yes,No,1,36000
Sankipara,Apartment,2,2,1046,8,9,No,Yes,Yes,5,21500
Kachijhuli,Apartment,3,3,919,3,5,No,No,No,0,27500
Town Hall,Apartment,2,3,1140,13,16,No,Yes,Yes,0,30000
Town Hall,Apartment,2,2,1240,1,4,No,Yes,Yes,6,27000
Maskanda,Apartment,3,4,1703,5,5,No,No,Yes,6,30500
Notun Bazar,Apartment,3,2,899,8,8,No,No,Yes,1,21000
Panditpara,Studio,1,1,452,1,5,No,Yes,Yes,21,10500
Choto Bazar,Apartment,3,2,1171,7,8,No,Yes,Yes,5,26500
Notun Bazar,House,3,3,900,5,10,No,No,Yes,2,24500
Choto Bazar,Apartment,3,3,1056,3,6,No,Yes,Yes,0,26000
Town Hall,Apartment,4,3,1436,2,6,No,Yes,No,5,33000
Ganginar Par,House,5,4,1610,3,14,No,Yes,Yes,0,48500
Town Hall,Apartment,4,3,1518,5,7,No,No,Yes,5,39000
Kachijhuli,Apartment,3,3,1448,7,8,No,Yes,Yes,27,33500
Choto Bazar,Apartment,3,3,1567,5,7,Yes,Yes,No,8,46500
Charpara,Apartment,3,2,1355,4,4,No,Yes,Yes,10,34000
Kachijhuli,House,4,4,1691,4,10,Yes,No,Yes,5,58500
Kachijhuli,House,3,3,2136,1,5,No,Yes,Yes,5,49000
Panditpara,Apartment,3,3,1655,2,12,Yes,Yes,Yes,4,44500
Kachijhuli,Apartment,3,2,1178,2,5,Yes,No,Yes,0,40000
Town Hall,Apartment,2,2,1133,2,4,Yes,No,Yes,7,33000
Akua,Apartment,3,4,1436,5,6,No,Yes,Yes,2,32000
Charpara,Apartment,3,3,1134,3,7,No,Yes,Yes,3,35000
Kewatkhali,Duplex,5,5,2497,6,6,No,No,Yes,6,51500
Charpara,Apartment,3,2,977,3,6,No,No,No,11,23500
Charpara,Apartment,3,3,857,4,9,No,No,Yes,3,25500
Charpara,Apartment,3,3,1137,5,12,Yes,Yes,Yes,6,41500
Kachijhuli,Apartment,2,1,604,3,5,No,No,Yes,9,15500
Akua,Apartment,2,1,731,5,6,Yes,No,Yes,11,22000
Notun Bazar,Apartment,3,3,1264,7,8,No,Yes,Yes,10,28000
Choto Bazar,Apartment,3,4,1472,7,7,Yes,No,Yes,7,38000
Ganginar Par,Apartment,3,2,860,2,9,No,No,Yes,2,21000
Kachijhuli,Apartment,3,2,1301,7,9,No,Yes,Yes,0,38500
Shehora,Apartment,3,4,1520,2,12,No,Yes,Yes,1,36500
Ganginar Par,House,4,4,943,4,7,No,Yes,Yes,1,32000
Kewatkhali,House,4,3,1512,3,7,No,Yes,Yes,6,32500
Notun Bazar,Apartment,3,3,1149,2,6,Yes,No,Yes,2,36500
Charpara,Studio,1,1,504,3,9,No,Yes,No,17,15000
Ganginar Par,Apartment,3,3,1233,5,14,No,Yes,No,6,29000
Charpara,House,3,2,1712,3,6,No,Yes,Yes,0,44000
Kachijhuli,House,3,3,1563,5,8,No,No,Yes,2,38000
Kachijhuli,Apartment,3,3,1436,3,7,No,Yes,No,10,34500
Akua,Apartment,3,3,1363,5,8,Yes,Yes,Yes,2,43000
Sankipara,Apartment,3,4,1414,5,5,Yes,Yes,Yes,11,44000
Maskanda,Apartment,3,2,1200,9,12,No,No,Yes,15,21500
Sankipara,Apartment,3,3,1454,4,5,No,Yes,Yes,0,33000
Sankipara,Apartment,3,2,979,1,5,No,No,Yes,17,17000
Charpara,Apartment,4,4,1531,3,4,Yes,No,No,9,48000
Choto Bazar,Apartment,3,2,1353,16,16,No,No,No,0,24000
Notun Bazar,Apartment,2,2,878,3,6,No,No,Yes,3,20000
Charpara,House,3,3,1752,3,4,Yes,Yes,Yes,15,55500
Charpara,Studio,1,1,250,6,8,No,No,Yes,12,8500
Shehora,Duplex,6,6,1800,1,12,No,Yes,Yes,0,47500
Charpara,House,5,5,1723,7,8,Yes,Yes,Yes,2,68500
Sankipara,Apartment,2,1,704,2,5,Yes,No,Yes,0,22500
Ganginar Par,Apartment,3,4,1594,2,5,No,Yes,No,0,37000
Ganginar Par,Apartment,4,3,1486,10,12,No,Yes,Yes,12,33500
Notun Bazar,Apartment,3,4,1641,3,8,No,No,Yes,3,33500
Kachijhuli,Apartment,3,2,1358,6,7,No,No,Yes,4,34500
Notun Bazar,Apartment,3,3,949,6,8,No,No,Yes,8,22500
Ganginar Par,Apartment,2,1,798,3,8,No,No,Yes,8,19500
Choto Bazar,Duplex,4,5,2724,6,8,No,No,Yes,0,56000
Maskanda,Apartment,3,3,1331,8,10,Yes,No,Yes,1,37000
Ganginar Par,Apartment,2,1,770,3,8,No,Yes,Yes,1,24500
Maskanda,Apartment,3,2,835,4,5,No,No,Yes,0,20000
